Model,Rater,Theta,info_data_rater
HR,HR-1,-30,2.87646e-010
HR,HR-1,-29.697,3.8946e-010
HR,HR-1,-29.3939,5.27311e-010
HR,HR-1,-29.0909,7.13955e-010
HR,HR-1,-28.7879,9.66665e-010
HR,HR-1,-28.4848,1.30882e-009
HR,HR-1,-28.1818,1.77209e-009
HR,HR-1,-27.8788,2.39932e-009
HR,HR-1,-27.5758,3.24858e-009
HR,HR-1,-27.2727,4.39843e-009
HR,HR-1,-26.9697,5.95528e-009
HR,HR-1,-26.6667,8.06319e-009
HR,HR-1,-26.3636,1.09172e-008
HR,HR-1,-26.0606,1.47814e-008
HR,HR-1,-25.7576,2.00133e-008
HR,HR-1,-25.4545,2.70972e-008
HR,HR-1,-25.1515,3.66883e-008
HR,HR-1,-24.8485,4.96745e-008
HR,HR-1,-24.5455,6.7257e-008
HR,HR-1,-24.2424,9.10629e-008
HR,HR-1,-23.9394,1.23295e-007
HR,HR-1,-23.6364,1.66936e-007
HR,HR-1,-23.3333,2.26024e-007
HR,HR-1,-23.0303,3.06027e-007
HR,HR-1,-22.7273,4.14346e-007
HR,HR-1,-22.4242,5.61006e-007
HR,HR-1,-22.1212,7.59577e-007
HR,HR-1,-21.8182,1.02843e-006
HR,HR-1,-21.5152,1.39245e-006
HR,HR-1,-21.2121,1.88532e-006
HR,HR-1,-20.9091,2.55263e-006
HR,HR-1,-20.6061,3.45614e-006
HR,HR-1,-20.303,4.67945e-006
HR,HR-1,-20,6.33574e-006
HR,HR-1,-19.697,8.57827e-006
HR,HR-1,-19.3939,1.16145e-005
HR,HR-1,-19.0909,1.57255e-005
HR,HR-1,-18.7879,2.12913e-005
HR,HR-1,-18.4848,2.88271e-005
HR,HR-1,-18.1818,3.90297e-005
HR,HR-1,-17.8788,5.28431e-005
HR,HR-1,-17.5758,7.15445e-005
HR,HR-1,-17.2727,9.68633e-005
HR,HR-1,-16.9697,0.00013114
HR,HR-1,-16.6667,0.000177541
HR,HR-1,-16.3636,0.000240352
HR,HR-1,-16.0606,0.000325371
HR,HR-1,-15.7576,0.000440436
HR,HR-1,-15.4545,0.000596146
HR,HR-1,-15.1515,0.000806815
HR,HR-1,-14.8485,0.00109177
HR,HR-1,-14.5455,0.00147707
HR,HR-1,-14.2424,0.0019978
HR,HR-1,-13.9394,0.00270111
HR,HR-1,-13.6364,0.00365021
HR,HR-1,-13.3333,0.00492946
HR,HR-1,-13.0303,0.00665101
HR,HR-1,-12.7273,0.00896277
HR,HR-1,-12.4242,0.0120581
HR,HR-1,-12.1212,0.0161864
HR,HR-1,-11.8182,0.0216634
HR,HR-1,-11.5152,0.0288781
HR,HR-1,-11.2121,0.0382914
HR,HR-1,-10.9091,0.0504165
HR,HR-1,-10.6061,0.0657682
HR,HR-1,-10.303,0.0847637
HR,HR-1,-10,0.107559
HR,HR-1,-9.69697,0.13382
HR,HR-1,-9.39394,0.162466
HR,HR-1,-9.09091,0.19148
HR,HR-1,-8.78788,0.217945
HR,HR-1,-8.48485,0.238452
HR,HR-1,-8.18182,0.249895
HR,HR-1,-7.87879,0.250414
HR,HR-1,-7.57576,0.240043
HR,HR-1,-7.27273,0.220721
HR,HR-1,-6.9697,0.195649
HR,HR-1,-6.66667,0.168357
HR,HR-1,-6.36364,0.141917
HR,HR-1,-6.06061,0.118543
HR,HR-1,-5.75758,0.0995598
HR,HR-1,-5.45454,0.0856073
HR,HR-1,-5.15151,0.0769041
HR,HR-1,-4.84848,0.0734799
HR,HR-1,-4.54545,0.0753278
HR,HR-1,-4.24242,0.0824667
HR,HR-1,-3.93939,0.094911
HR,HR-1,-3.63636,0.112551
HR,HR-1,-3.33333,0.134945
HR,HR-1,-3.0303,0.161063
HR,HR-1,-2.72727,0.189048
HR,HR-1,-2.42424,0.216154
HR,HR-1,-2.12121,0.239013
HR,HR-1,-1.81818,0.254317
HR,HR-1,-1.51515,0.259748
HR,HR-1,-1.21212,0.254782
HR,HR-1,-0.90909,0.240927
HR,HR-1,-0.60606,0.221279
HR,HR-1,-0.303029,0.199634
HR,HR-1,8.9407e-007,0.179607
HR,HR-1,0.303031,0.164079
HR,HR-1,0.606062,0.15501
HR,HR-1,0.909092,0.153501
HR,HR-1,1.21212,0.159905
HR,HR-1,1.51515,0.173879
HR,HR-1,1.81818,0.194317
HR,HR-1,2.12121,0.219257
HR,HR-1,2.42424,0.245885
HR,HR-1,2.72727,0.270834
HR,HR-1,3.0303,0.290857
HR,HR-1,3.33333,0.30374
HR,HR-1,3.63636,0.30906
HR,HR-1,3.93939,0.308347
HR,HR-1,4.24243,0.304503
HR,HR-1,4.54546,0.30069
HR,HR-1,4.84849,0.29918
HR,HR-1,5.15152,0.300561
HR,HR-1,5.45455,0.303527
HR,HR-1,5.75758,0.30529
HR,HR-1,6.06061,0.302515
HR,HR-1,6.36364,0.292504
HR,HR-1,6.66667,0.274165
HR,HR-1,6.9697,0.24834
HR,HR-1,7.27273,0.217392
HR,HR-1,7.57576,0.184337
HR,HR-1,7.87879,0.15197
HR,HR-1,8.18182,0.122332
HR,HR-1,8.48485,0.0965636
HR,HR-1,8.78788,0.0750376
HR,HR-1,9.09091,0.0575971
HR,HR-1,9.39394,0.0437917
HR,HR-1,9.69697,0.0330542
HR,HR-1,10,0.0248125
HR,HR-1,10.303,0.0185487
HR,HR-1,10.6061,0.0138232
HR,HR-1,10.9091,0.0102777
HR,HR-1,11.2121,0.00762843
HR,HR-1,11.5152,0.0056548
HR,HR-1,11.8182,0.00418781
HR,HR-1,12.1212,0.00309921
HR,HR-1,12.4242,0.00229239
HR,HR-1,12.7273,0.00169496
HR,HR-1,13.0303,0.00125287
HR,HR-1,13.3333,0.000925891
HR,HR-1,13.6364,0.000684143
HR,HR-1,13.9394,0.000505457
HR,HR-1,14.2424,0.000373408
HR,HR-1,14.5455,0.00027584
HR,HR-1,14.8485,0.000203755
HR,HR-1,15.1515,0.000150504
HR,HR-1,15.4545,0.000111166
HR,HR-1,15.7576,8.21093e-005
HR,HR-1,16.0606,6.06463e-005
HR,HR-1,16.3636,4.47933e-005
HR,HR-1,16.6667,3.3084e-005
HR,HR-1,16.9697,2.44355e-005
HR,HR-1,17.2727,1.80477e-005
HR,HR-1,17.5758,1.33297e-005
HR,HR-1,17.8788,9.84506e-006
HR,HR-1,18.1818,7.27137e-006
HR,HR-1,18.4848,5.37048e-006
HR,HR-1,18.7879,3.96652e-006
HR,HR-1,19.0909,2.92959e-006
HR,HR-1,19.3939,2.16373e-006
HR,HR-1,19.697,1.59808e-006
HR,HR-1,20,1.18031e-006
HR,HR-1,20.303,8.71747e-007
HR,HR-1,20.6061,6.43853e-007
HR,HR-1,20.9091,4.75535e-007
HR,HR-1,21.2121,3.51219e-007
HR,HR-1,21.5152,2.59402e-007
HR,HR-1,21.8182,1.91588e-007
HR,HR-1,22.1212,1.41503e-007
HR,HR-1,22.4242,1.04511e-007
HR,HR-1,22.7273,7.71891e-008
HR,HR-1,23.0303,5.70101e-008
HR,HR-1,23.3333,4.21063e-008
HR,HR-1,23.6364,3.10987e-008
HR,HR-1,23.9394,2.29688e-008
HR,HR-1,24.2424,1.69642e-008
HR,HR-1,24.5455,1.25294e-008
HR,HR-1,24.8485,9.25392e-009
HR,HR-1,25.1515,6.83473e-009
HR,HR-1,25.4545,5.04796e-009
HR,HR-1,25.7576,3.72831e-009
HR,HR-1,26.0606,2.75364e-009
HR,HR-1,26.3636,2.03378e-009
HR,HR-1,26.6667,1.5021e-009
HR,HR-1,26.9697,1.10942e-009
HR,HR-1,27.2727,8.19389e-010
HR,HR-1,27.5758,6.0518e-010
HR,HR-1,27.8788,4.46972e-010
HR,HR-1,28.1818,3.30123e-010
HR,HR-1,28.4848,2.43825e-010
HR,HR-1,28.7879,1.80082e-010
HR,HR-1,29.0909,1.33005e-010
HR,HR-1,29.3939,9.82325e-011
HR,HR-1,29.697,7.25535e-011
HR,HR-1,30,5.35891e-011
HR,HR-2,-30,3.47483e-010
HR,HR-2,-29.697,4.70476e-010
HR,HR-2,-29.3939,6.37004e-010
HR,HR-2,-29.0909,8.62474e-010
HR,HR-2,-28.7879,1.16775e-009
HR,HR-2,-28.4848,1.58109e-009
HR,HR-2,-28.1818,2.14072e-009
HR,HR-2,-27.8788,2.89844e-009
HR,HR-2,-27.5758,3.92436e-009
HR,HR-2,-27.2727,5.3134e-009
HR,HR-2,-26.9697,7.19412e-009
HR,HR-2,-26.6667,9.74051e-009
HR,HR-2,-26.3636,1.31882e-008
HR,HR-2,-26.0606,1.78563e-008
HR,HR-2,-25.7576,2.41766e-008
HR,HR-2,-25.4545,3.2734e-008
HR,HR-2,-25.1515,4.43203e-008
HR,HR-2,-24.8485,6.00079e-008
HR,HR-2,-24.5455,8.1248e-008
HR,HR-2,-24.2424,1.10006e-007
HR,HR-2,-23.9394,1.48943e-007
HR,HR-2,-23.6364,2.01663e-007
HR,HR-2,-23.3333,2.73042e-007
HR,HR-2,-23.0303,3.69687e-007
HR,HR-2,-22.7273,5.0054e-007
HR,HR-2,-22.4242,6.77708e-007
HR,HR-2,-22.1212,9.17586e-007
HR,HR-2,-21.8182,1.24237e-006
HR,HR-2,-21.5152,1.68211e-006
HR,HR-2,-21.2121,2.2775e-006
HR,HR-2,-20.9091,3.08363e-006
HR,HR-2,-20.6061,4.17509e-006
HR,HR-2,-20.303,5.65287e-006
HR,HR-2,-20,7.6537e-006
HR,HR-2,-19.697,1.03627e-005
HR,HR-2,-19.3939,1.40305e-005
HR,HR-2,-19.0909,1.89966e-005
HR,HR-2,-18.7879,2.57202e-005
HR,HR-2,-18.4848,3.48233e-005
HR,HR-2,-18.1818,4.7148e-005
HR,HR-2,-17.8788,6.38342e-005
HR,HR-2,-17.5758,8.64248e-005
HR,HR-2,-17.2727,0.000117008
HR,HR-2,-16.9697,0.000158411
HR,HR-2,-16.6667,0.000214457
HR,HR-2,-16.3636,0.000290322
HR,HR-2,-16.0606,0.000393002
HR,HR-2,-15.7576,0.000531959
HR,HR-2,-15.4545,0.000719978
HR,HR-2,-15.1515,0.000974322
HR,HR-2,-14.8485,0.00131828
HR,HR-2,-14.5455,0.00178323
HR,HR-2,-14.2424,0.00241137
HR,HR-2,-13.9394,0.00325932
HR,HR-2,-13.6364,0.0044028
HR,HR-2,-13.3333,0.00594261
HR,HR-2,-13.0303,0.00801217
HR,HR-2,-12.7273,0.0107865
HR,HR-2,-12.4242,0.0144926
HR,HR-2,-12.1212,0.01942
HR,HR-2,-11.8182,0.0259297
HR,HR-2,-11.5152,0.0344562
HR,HR-2,-11.2121,0.0454967
HR,HR-2,-10.9091,0.0595735
HR,HR-2,-10.6061,0.0771547
HR,HR-2,-10.303,0.0985167
HR,HR-2,-10,0.123537
HR,HR-2,-9.69697,0.151442
HR,HR-2,-9.39394,0.180574
HR,HR-2,-9.09091,0.208324
HR,HR-2,-8.78788,0.231387
HR,HR-2,-8.48485,0.246425
HR,HR-2,-8.18182,0.251001
HR,HR-2,-7.87879,0.244386
HR,HR-2,-7.57576,0.227835
HR,HR-2,-7.27273,0.204156
HR,HR-2,-6.9697,0.176835
HR,HR-2,-6.66667,0.149147
HR,HR-2,-6.36364,0.123598
HR,HR-2,-6.06061,0.101768
HR,HR-2,-5.75758,0.0844453
HR,HR-2,-5.45454,0.0718855
HR,HR-2,-5.15151,0.0640673
HR,HR-2,-4.84848,0.0608913
HR,HR-2,-4.54545,0.0623019
HR,HR-2,-4.24242,0.0683373
HR,HR-2,-3.93939,0.0791113
HR,HR-2,-3.63636,0.0947253
HR,HR-2,-3.33333,0.115106
HR,HR-2,-3.0303,0.139771
HR,HR-2,-2.72727,0.167566
HR,HR-2,-2.42424,0.19646
HR,HR-2,-2.12121,0.223561
HR,HR-2,-1.81818,0.245503
HR,HR-2,-1.51515,0.259227
HR,HR-2,-1.21212,0.262924
HR,HR-2,-0.90909,0.256724
HR,HR-2,-0.60606,0.24274
HR,HR-2,-0.303029,0.224458
HR,HR-2,8.9407e-007,0.205799
HR,HR-2,0.303031,0.190286
HR,HR-2,0.606062,0.180553
HR,HR-2,0.909092,0.178186
HR,HR-2,1.21212,0.183735
HR,HR-2,1.51515,0.196739
HR,HR-2,1.81818,0.21571
HR,HR-2,2.12121,0.23815
HR,HR-2,2.42424,0.260753
HR,HR-2,2.72727,0.279948
HR,HR-2,3.0303,0.292771
HR,HR-2,3.33333,0.297778
HR,HR-2,3.63636,0.295573
HR,HR-2,3.93939,0.288614
HR,HR-2,4.24243,0.280357
HR,HR-2,4.54546,0.274122
HR,HR-2,4.84849,0.272105
HR,HR-2,5.15152,0.274779
HR,HR-2,5.45455,0.280756
HR,HR-2,5.75758,0.287119
HR,HR-2,6.06061,0.290195
HR,HR-2,6.36364,0.28664
HR,HR-2,6.66667,0.274496
HR,HR-2,6.9697,0.25378
HR,HR-2,7.27273,0.226335
HR,HR-2,7.57576,0.195078
HR,HR-2,7.87879,0.163061
HR,HR-2,8.18182,0.132758
HR,HR-2,8.48485,0.105752
HR,HR-2,8.78788,0.0827693
HR,HR-2,9.09091,0.063886
HR,HR-2,9.39394,0.0487805
HR,HR-2,9.69697,0.0369391
HR,HR-2,10,0.0277964
HR,HR-2,10.303,0.0208174
HR,HR-2,10.6061,0.0155351
HR,HR-2,10.9091,0.0115623
HR,HR-2,11.2121,0.00858838
HR,HR-2,11.5152,0.00636997
HR,HR-2,11.8182,0.00471941
HR,HR-2,12.1212,0.0034937
HR,HR-2,12.4242,0.00258477
HR,HR-2,12.7273,0.00191146
HR,HR-2,13.0303,0.00141308
HR,HR-2,13.3333,0.00104438
HR,HR-2,13.6364,0.000771751
HR,HR-2,13.9394,0.000570212
HR,HR-2,14.2424,0.000421262
HR,HR-2,14.5455,0.000311198
HR,HR-2,14.8485,0.000229879
HR,HR-2,15.1515,0.000169802
HR,HR-2,15.4545,0.000125422
HR,HR-2,15.7576,9.26395e-005
HR,HR-2,16.0606,6.84244e-005
HR,HR-2,16.3636,5.05384e-005
HR,HR-2,16.6667,3.73274e-005
HR,HR-2,16.9697,2.75697e-005
HR,HR-2,17.2727,2.03626e-005
HR,HR-2,17.5758,1.50395e-005
HR,HR-2,17.8788,1.11079e-005
HR,HR-2,18.1818,8.20407e-006
HR,HR-2,18.4848,6.05936e-006
HR,HR-2,18.7879,4.47532e-006
HR,HR-2,19.0909,3.30537e-006
HR,HR-2,19.3939,2.44128e-006
HR,HR-2,19.697,1.80307e-006
HR,HR-2,20,1.33171e-006
HR,HR-2,20.303,9.83568e-007
HR,HR-2,20.6061,7.26441e-007
HR,HR-2,20.9091,5.36533e-007
HR,HR-2,21.2121,3.96271e-007
HR,HR-2,21.5152,2.92676e-007
HR,HR-2,21.8182,2.16164e-007
HR,HR-2,22.1212,1.59654e-007
HR,HR-2,22.4242,1.17916e-007
HR,HR-2,22.7273,8.70904e-008
HR,HR-2,23.0303,6.4323e-008
HR,HR-2,23.3333,4.75074e-008
HR,HR-2,23.6364,3.50878e-008
HR,HR-2,23.9394,2.59151e-008
HR,HR-2,24.2424,1.91403e-008
HR,HR-2,24.5455,1.41366e-008
HR,HR-2,24.8485,1.04409e-008
HR,HR-2,25.1515,7.71144e-009
HR,HR-2,25.4545,5.69548e-009
HR,HR-2,25.7576,4.20655e-009
HR,HR-2,26.0606,3.10686e-009
HR,HR-2,26.3636,2.29466e-009
HR,HR-2,26.6667,1.69478e-009
HR,HR-2,26.9697,1.25172e-009
HR,HR-2,27.2727,9.24492e-010
HR,HR-2,27.5758,6.82808e-010
HR,HR-2,27.8788,5.04309e-010
HR,HR-2,28.1818,3.72468e-010
HR,HR-2,28.4848,2.75099e-010
HR,HR-2,28.7879,2.0318e-010
HR,HR-2,29.0909,1.50063e-010
HR,HR-2,29.3939,1.10834e-010
HR,HR-2,29.697,8.18616e-011
HR,HR-2,30,6.04619e-011
4o-Mini,4o-Mini,-30,2.08051e-010
4o-Mini,4o-Mini,-29.697,2.81692e-010
4o-Mini,4o-Mini,-29.3939,3.81398e-010
4o-Mini,4o-Mini,-29.0909,5.16396e-010
4o-Mini,4o-Mini,-28.7879,6.99178e-010
4o-Mini,4o-Mini,-28.4848,9.46655e-010
4o-Mini,4o-Mini,-28.1818,1.28173e-009
4o-Mini,4o-Mini,-27.8788,1.7354e-009
4o-Mini,4o-Mini,-27.5758,2.34966e-009
4o-Mini,4o-Mini,-27.2727,3.18133e-009
4o-Mini,4o-Mini,-26.9697,4.30739e-009
4o-Mini,4o-Mini,-26.6667,5.83201e-009
4o-Mini,4o-Mini,-26.3636,7.89628e-009
4o-Mini,4o-Mini,-26.0606,1.06912e-008
4o-Mini,4o-Mini,-25.7576,1.44754e-008
4o-Mini,4o-Mini,-25.4545,1.95991e-008
4o-Mini,4o-Mini,-25.1515,2.65362e-008
4o-Mini,4o-Mini,-24.8485,3.5929e-008
4o-Mini,4o-Mini,-24.5455,4.86462e-008
4o-Mini,4o-Mini,-24.2424,6.58648e-008
4o-Mini,4o-Mini,-23.9394,8.91779e-008
4o-Mini,4o-Mini,-23.6364,1.20743e-007
4o-Mini,4o-Mini,-23.3333,1.6348e-007
4o-Mini,4o-Mini,-23.0303,2.21346e-007
4o-Mini,4o-Mini,-22.7273,2.99692e-007
4o-Mini,4o-Mini,-22.4242,4.05769e-007
4o-Mini,4o-Mini,-22.1212,5.49393e-007
4o-Mini,4o-Mini,-21.8182,7.43854e-007
4o-Mini,4o-Mini,-21.5152,1.00714e-006
4o-Mini,4o-Mini,-21.2121,1.36363e-006
4o-Mini,4o-Mini,-20.9091,1.84629e-006
4o-Mini,4o-Mini,-20.6061,2.49979e-006
4o-Mini,4o-Mini,-20.303,3.3846e-006
4o-Mini,4o-Mini,-20,4.58259e-006
4o-Mini,4o-Mini,-19.697,6.20459e-006
4o-Mini,4o-Mini,-19.3939,8.40071e-006
4o-Mini,4o-Mini,-19.0909,1.13741e-005
4o-Mini,4o-Mini,-18.7879,1.53999e-005
4o-Mini,4o-Mini,-18.4848,2.08506e-005
4o-Mini,4o-Mini,-18.1818,2.82304e-005
4o-Mini,4o-Mini,-17.8788,3.82219e-005
4o-Mini,4o-Mini,-17.5758,5.17493e-005
4o-Mini,4o-Mini,-17.2727,7.00638e-005
4o-Mini,4o-Mini,-16.9697,9.48585e-005
4o-Mini,4o-Mini,-16.6667,0.000128426
4o-Mini,4o-Mini,-16.3636,0.000173867
4o-Mini,4o-Mini,-16.0606,0.000235379
4o-Mini,4o-Mini,-15.7576,0.000318639
4o-Mini,4o-Mini,-15.4545,0.000431326
4o-Mini,4o-Mini,-15.1515,0.000583818
4o-Mini,4o-Mini,-14.8485,0.000790138
4o-Mini,4o-Mini,-14.5455,0.00106921
4o-Mini,4o-Mini,-14.2424,0.00144657
4o-Mini,4o-Mini,-13.9394,0.00195659
4o-Mini,4o-Mini,-13.6364,0.00264546
4o-Mini,4o-Mini,-13.3333,0.00357513
4o-Mini,4o-Mini,-13.0303,0.00482831
4o-Mini,4o-Mini,-12.7273,0.00651493
4o-Mini,4o-Mini,-12.4242,0.00878015
4o-Mini,4o-Mini,-12.1212,0.0118138
4o-Mini,4o-Mini,-11.8182,0.0158609
4o-Mini,4o-Mini,-11.5152,0.0212322
4o-Mini,4o-Mini,-11.2121,0.0283112
4o-Mini,4o-Mini,-10.9091,0.0375536
4o-Mini,4o-Mini,-10.6061,0.049469
4o-Mini,4o-Mini,-10.303,0.0645732
4o-Mini,4o-Mini,-10,0.0832919
4o-Mini,4o-Mini,-9.69697,0.105801
4o-Mini,4o-Mini,-9.39394,0.131804
4o-Mini,4o-Mini,-9.09091,0.160269
4o-Mini,4o-Mini,-8.78788,0.189236
4o-Mini,4o-Mini,-8.48485,0.21583
4o-Mini,4o-Mini,-8.18182,0.236639
4o-Mini,4o-Mini,-7.87879,0.248493
4o-Mini,4o-Mini,-7.57576,0.2494
4o-Mini,4o-Mini,-7.27273,0.239233
4o-Mini,4o-Mini,-6.9697,0.219779
4o-Mini,4o-Mini,-6.66667,0.194127
4o-Mini,4o-Mini,-6.36364,0.16574
4o-Mini,4o-Mini,-6.06061,0.137642
4o-Mini,4o-Mini,-5.75758,0.111978
4o-Mini,4o-Mini,-5.45454,0.089967
4o-Mini,4o-Mini,-5.15151,0.0720821
4o-Mini,4o-Mini,-4.84848,0.0583162
4o-Mini,4o-Mini,-4.54545,0.0484225
4o-Mini,4o-Mini,-4.24242,0.042093
4o-Mini,4o-Mini,-3.93939,0.0390735
4o-Mini,4o-Mini,-3.63636,0.0392267
4o-Mini,4o-Mini,-3.33333,0.0425601
4o-Mini,4o-Mini,-3.0303,0.0492242
4o-Mini,4o-Mini,-2.72727,0.0594828
4o-Mini,4o-Mini,-2.42424,0.0736445
4o-Mini,4o-Mini,-2.12121,0.0919435
4o-Mini,4o-Mini,-1.81818,0.114354
4o-Mini,4o-Mini,-1.51515,0.140344
4o-Mini,4o-Mini,-1.21212,0.168617
4o-Mini,4o-Mini,-0.90909,0.196937
4o-Mini,4o-Mini,-0.60606,0.222221
4o-Mini,4o-Mini,-0.303029,0.241008
4o-Mini,4o-Mini,8.9407e-007,0.250301
4o-Mini,4o-Mini,0.303031,0.248491
4o-Mini,4o-Mini,0.606062,0.235913
4o-Mini,4o-Mini,0.909092,0.214728
4o-Mini,4o-Mini,1.21212,0.188201
4o-Mini,4o-Mini,1.51515,0.159758
4o-Mini,4o-Mini,1.81818,0.132252
4o-Mini,4o-Mini,2.12121,0.107622
4o-Mini,4o-Mini,2.42424,0.0869119
4o-Mini,4o-Mini,2.72727,0.0704895
4o-Mini,4o-Mini,3.0303,0.0583107
4o-Mini,4o-Mini,3.33333,0.0501502
4o-Mini,4o-Mini,3.63636,0.0457646
4o-Mini,4o-Mini,3.93939,0.044992
4o-Mini,4o-Mini,4.24243,0.0478018
4o-Mini,4o-Mini,4.54546,0.054302
4o-Mini,4o-Mini,4.84849,0.0647094
4o-Mini,4o-Mini,5.15152,0.0792723
4o-Mini,4o-Mini,5.45455,0.0981365
4o-Mini,4o-Mini,5.75758,0.121143
4o-Mini,4o-Mini,6.06061,0.147568
4o-Mini,4o-Mini,6.36364,0.175876
4o-Mini,4o-Mini,6.66667,0.203586
4o-Mini,4o-Mini,6.9697,0.227448
4o-Mini,4o-Mini,7.27273,0.244009
4o-Mini,4o-Mini,7.57576,0.250515
4o-Mini,4o-Mini,7.87879,0.245778
4o-Mini,4o-Mini,8.18182,0.230588
4o-Mini,4o-Mini,8.48485,0.20743
4o-Mini,4o-Mini,8.78788,0.179657
4o-Mini,4o-Mini,9.09091,0.150567
4o-Mini,4o-Mini,9.39394,0.122751
4o-Mini,4o-Mini,9.69697,0.0978418
4o-Mini,4o-Mini,10,0.0765965
4o-Mini,4o-Mini,10.303,0.0591245
4o-Mini,4o-Mini,10.6061,0.0451433
4o-Mini,4o-Mini,10.9091,0.0341825
4o-Mini,4o-Mini,11.2121,0.0257202
4o-Mini,4o-Mini,11.5152,0.0192611
4o-Mini,4o-Mini,11.8182,0.0143729
4o-Mini,4o-Mini,12.1212,0.0106968
4o-Mini,4o-Mini,12.4242,0.00794524
4o-Mini,4o-Mini,12.7273,0.00589279
4o-Mini,4o-Mini,13.0303,0.00436579
4o-Mini,4o-Mini,13.3333,0.00323186
4o-Mini,4o-Mini,13.6364,0.00239103
4o-Mini,4o-Mini,13.9394,0.00176817
4o-Mini,4o-Mini,14.2424,0.00130714
4o-Mini,4o-Mini,14.5455,0.000966082
4o-Mini,4o-Mini,14.8485,0.000713886
4o-Mini,4o-Mini,15.1515,0.000527456
4o-Mini,4o-Mini,15.4545,0.000389674
4o-Mini,4o-Mini,15.7576,0.000287863
4o-Mini,4o-Mini,16.0606,0.000212641
4o-Mini,4o-Mini,16.3636,0.000157069
4o-Mini,4o-Mini,16.6667,0.000116017
4o-Mini,4o-Mini,16.9697,8.56928e-005
4o-Mini,4o-Mini,17.2727,6.32935e-005
4o-Mini,4o-Mini,17.5758,4.67486e-005
4o-Mini,4o-Mini,17.8788,3.45283e-005
4o-Mini,4o-Mini,18.1818,2.55022e-005
4o-Mini,4o-Mini,18.4848,1.88356e-005
4o-Mini,4o-Mini,18.7879,1.39117e-005
4o-Mini,4o-Mini,19.0909,1.02749e-005
4o-Mini,4o-Mini,19.3939,7.58887e-006
4o-Mini,4o-Mini,19.697,5.60497e-006
4o-Mini,4o-Mini,20,4.13972e-006
4o-Mini,4o-Mini,20.303,3.05751e-006
4o-Mini,4o-Mini,20.6061,2.25821e-006
4o-Mini,4o-Mini,20.9091,1.66786e-006
4o-Mini,4o-Mini,21.2121,1.23184e-006
4o-Mini,4o-Mini,21.5152,9.09811e-007
4o-Mini,4o-Mini,21.8182,6.71966e-007
4o-Mini,4o-Mini,22.1212,4.96299e-007
4o-Mini,4o-Mini,22.4242,3.66555e-007
4o-Mini,4o-Mini,22.7273,2.70729e-007
4o-Mini,4o-Mini,23.0303,1.99954e-007
4o-Mini,4o-Mini,23.3333,1.47681e-007
4o-Mini,4o-Mini,23.6364,1.09074e-007
4o-Mini,4o-Mini,23.9394,8.05595e-008
4o-Mini,4o-Mini,24.2424,5.94994e-008
4o-Mini,4o-Mini,24.5455,4.39449e-008
4o-Mini,4o-Mini,24.8485,3.24567e-008
4o-Mini,4o-Mini,25.1515,2.39718e-008
4o-Mini,4o-Mini,25.4545,1.7705e-008
4o-Mini,4o-Mini,25.7576,1.30765e-008
4o-Mini,4o-Mini,26.0606,9.65798e-009
4o-Mini,4o-Mini,26.3636,7.13316e-009
4o-Mini,4o-Mini,26.6667,5.26839e-009
4o-Mini,4o-Mini,26.9697,3.89111e-009
4o-Mini,4o-Mini,27.2727,2.87388e-009
4o-Mini,4o-Mini,27.5758,2.12258e-009
4o-Mini,4o-Mini,27.8788,1.56769e-009
4o-Mini,4o-Mini,28.1818,1.15786e-009
4o-Mini,4o-Mini,28.4848,8.55167e-010
4o-Mini,4o-Mini,28.7879,6.31606e-010
4o-Mini,4o-Mini,29.0909,4.66493e-010
4o-Mini,4o-Mini,29.3939,3.44539e-010
4o-Mini,4o-Mini,29.697,2.54468e-010
4o-Mini,4o-Mini,30,1.87946e-010
GPT-4o,GPT-4o,-30,2.12096e-010
GPT-4o,GPT-4o,-29.697,2.87168e-010
GPT-4o,GPT-4o,-29.3939,3.88812e-010
GPT-4o,GPT-4o,-29.0909,5.26435e-010
GPT-4o,GPT-4o,-28.7879,7.1277e-010
GPT-4o,GPT-4o,-28.4848,9.65059e-010
GPT-4o,GPT-4o,-28.1818,1.30665e-009
GPT-4o,GPT-4o,-27.8788,1.76914e-009
GPT-4o,GPT-4o,-27.5758,2.39534e-009
GPT-4o,GPT-4o,-27.2727,3.24318e-009
GPT-4o,GPT-4o,-26.9697,4.39113e-009
GPT-4o,GPT-4o,-26.6667,5.94539e-009
GPT-4o,GPT-4o,-26.3636,8.04979e-009
GPT-4o,GPT-4o,-26.0606,1.08991e-008
GPT-4o,GPT-4o,-25.7576,1.47568e-008
GPT-4o,GPT-4o,-25.4545,1.99801e-008
GPT-4o,GPT-4o,-25.1515,2.70521e-008
GPT-4o,GPT-4o,-24.8485,3.66274e-008
GPT-4o,GPT-4o,-24.5455,4.95919e-008
GPT-4o,GPT-4o,-24.2424,6.71452e-008
GPT-4o,GPT-4o,-23.9394,9.09116e-008
GPT-4o,GPT-4o,-23.6364,1.2309e-007
GPT-4o,GPT-4o,-23.3333,1.66659e-007
GPT-4o,GPT-4o,-23.0303,2.25649e-007
GPT-4o,GPT-4o,-22.7273,3.05518e-007
GPT-4o,GPT-4o,-22.4242,4.13658e-007
GPT-4o,GPT-4o,-22.1212,5.60074e-007
GPT-4o,GPT-4o,-21.8182,7.58315e-007
GPT-4o,GPT-4o,-21.5152,1.02672e-006
GPT-4o,GPT-4o,-21.2121,1.39014e-006
GPT-4o,GPT-4o,-20.9091,1.88218e-006
GPT-4o,GPT-4o,-20.6061,2.54839e-006
GPT-4o,GPT-4o,-20.303,3.4504e-006
GPT-4o,GPT-4o,-20,4.67167e-006
GPT-4o,GPT-4o,-19.697,6.32521e-006
GPT-4o,GPT-4o,-19.3939,8.56402e-006
GPT-4o,GPT-4o,-19.0909,1.15952e-005
GPT-4o,GPT-4o,-18.7879,1.56993e-005
GPT-4o,GPT-4o,-18.4848,2.12559e-005
GPT-4o,GPT-4o,-18.1818,2.87791e-005
GPT-4o,GPT-4o,-17.8788,3.89649e-005
GPT-4o,GPT-4o,-17.5758,5.27552e-005
GPT-4o,GPT-4o,-17.2727,7.14257e-005
GPT-4o,GPT-4o,-16.9697,9.67023e-005
GPT-4o,GPT-4o,-16.6667,0.000130922
GPT-4o,GPT-4o,-16.3636,0.000177246
GPT-4o,GPT-4o,-16.0606,0.000239952
GPT-4o,GPT-4o,-15.7576,0.00032483
GPT-4o,GPT-4o,-15.4545,0.000439704
GPT-4o,GPT-4o,-15.1515,0.000595154
GPT-4o,GPT-4o,-14.8485,0.000805474
GPT-4o,GPT-4o,-14.5455,0.00108995
GPT-4o,GPT-4o,-14.2424,0.00147461
GPT-4o,GPT-4o,-13.9394,0.00199447
GPT-4o,GPT-4o,-13.6364,0.00269661
GPT-4o,GPT-4o,-13.3333,0.00364412
GPT-4o,GPT-4o,-13.0303,0.00492124
GPT-4o,GPT-4o,-12.7273,0.00663988
GPT-4o,GPT-4o,-12.4242,0.00894774
GPT-4o,GPT-4o,-12.1212,0.0120378
GPT-4o,GPT-4o,-11.8182,0.0161591
GPT-4o,GPT-4o,-11.5152,0.0216266
GPT-4o,GPT-4o,-11.2121,0.0288286
GPT-4o,GPT-4o,-10.9091,0.0382251
GPT-4o,GPT-4o,-10.6061,0.0503277
GPT-4o,GPT-4o,-10.303,0.0656499
GPT-4o,GPT-4o,-10,0.0846068
GPT-4o,GPT-4o,-9.69697,0.107351
GPT-4o,GPT-4o,-9.39394,0.133547
GPT-4o,GPT-4o,-9.09091,0.162108
GPT-4o,GPT-4o,-8.78788,0.191011
GPT-4o,GPT-4o,-8.48485,0.217329
GPT-4o,GPT-4o,-8.18182,0.23764
GPT-4o,GPT-4o,-7.87879,0.248819
GPT-4o,GPT-4o,-7.57576,0.248977
GPT-4o,GPT-4o,-7.27273,0.238112
GPT-4o,GPT-4o,-6.9697,0.218116
GPT-4o,GPT-4o,-6.66667,0.192126
GPT-4o,GPT-4o,-6.36364,0.163592
GPT-4o,GPT-4o,-6.06061,0.135483
GPT-4o,GPT-4o,-5.75758,0.109875
GPT-4o,GPT-4o,-5.45454,0.0879161
GPT-4o,GPT-4o,-5.15151,0.0700255
GPT-4o,GPT-4o,-4.84848,0.056151
GPT-4o,GPT-4o,-4.54545,0.0460082
GPT-4o,GPT-4o,-4.24242,0.0392532
GPT-4o,GPT-4o,-3.93939,0.0355934
GPT-4o,GPT-4o,-3.63636,0.0348486
GPT-4o,GPT-4o,-3.33333,0.0369804
GPT-4o,GPT-4o,-3.0303,0.0420977
GPT-4o,GPT-4o,-2.72727,0.0504407
GPT-4o,GPT-4o,-2.42424,0.062338
GPT-4o,GPT-4o,-2.12121,0.0781237
GPT-4o,GPT-4o,-1.81818,0.0979989
GPT-4o,GPT-4o,-1.51515,0.121826
GPT-4o,GPT-4o,-1.21212,0.148873
GPT-4o,GPT-4o,-0.90909,0.177567
GPT-4o,GPT-4o,-0.60606,0.205386
GPT-4o,GPT-4o,-0.303029,0.229064
GPT-4o,GPT-4o,8.9407e-007,0.245194
GPT-4o,GPT-4o,0.303031,0.251136
GPT-4o,GPT-4o,0.606062,0.245879
GPT-4o,GPT-4o,0.909092,0.230395
GPT-4o,GPT-4o,1.21212,0.20731
GPT-4o,GPT-4o,1.51515,0.180054
GPT-4o,GPT-4o,1.81818,0.151956
GPT-4o,GPT-4o,2.12121,0.125619
GPT-4o,GPT-4o,2.42424,0.10272
GPT-4o,GPT-4o,2.72727,0.0841038
GPT-4o,GPT-4o,3.0303,0.0700362
GPT-4o,GPT-4o,3.33333,0.0604645
GPT-4o,GPT-4o,3.63636,0.0552277
GPT-4o,GPT-4o,3.93939,0.0541943
GPT-4o,GPT-4o,4.24243,0.0573345
GPT-4o,GPT-4o,4.54546,0.0647343
GPT-4o,GPT-4o,4.84849,0.0765523
GPT-4o,GPT-4o,5.15152,0.0929159
GPT-4o,GPT-4o,5.45455,0.113747
GPT-4o,GPT-4o,5.75758,0.138519
GPT-4o,GPT-4o,6.06061,0.165991
GPT-4o,GPT-4o,6.36364,0.194015
GPT-4o,GPT-4o,6.66667,0.219565
GPT-4o,GPT-4o,6.9697,0.239156
GPT-4o,GPT-4o,7.27273,0.24964
GPT-4o,GPT-4o,7.57576,0.249136
GPT-4o,GPT-4o,7.87879,0.237668
GPT-4o,GPT-4o,8.18182,0.217143
GPT-4o,GPT-4o,8.48485,0.19069
GPT-4o,GPT-4o,8.78788,0.161726
GPT-4o,GPT-4o,9.09091,0.13316
GPT-4o,GPT-4o,9.39394,0.106993
GPT-4o,GPT-4o,9.69697,0.0842953
GPT-4o,GPT-4o,10,0.0653909
GPT-4o,GPT-4o,10.303,0.0501189
GPT-4o,GPT-4o,10.6061,0.0380605
GPT-4o,GPT-4o,10.9091,0.0287012
GPT-4o,GPT-4o,11.2121,0.0215291
GPT-4o,GPT-4o,11.5152,0.0160852
GPT-4o,GPT-4o,11.8182,0.0119822
GPT-4o,GPT-4o,12.1212,0.00890606
GPT-4o,GPT-4o,12.4242,0.00660877
GPT-4o,GPT-4o,12.7273,0.00489808
GPT-4o,GPT-4o,13.0303,0.00362692
GPT-4o,GPT-4o,13.3333,0.00268386
GPT-4o,GPT-4o,13.6364,0.00198502
GPT-4o,GPT-4o,13.9394,0.00146761
GPT-4o,GPT-4o,14.2424,0.00108478
GPT-4o,GPT-4o,14.5455,0.000801646
GPT-4o,GPT-4o,14.8485,0.000592325
GPT-4o,GPT-4o,15.1515,0.000437613
GPT-4o,GPT-4o,15.4545,0.000323284
GPT-4o,GPT-4o,15.7576,0.000238811
GPT-4o,GPT-4o,16.0606,0.000176402
GPT-4o,GPT-4o,16.3636,0.000130298
GPT-4o,GPT-4o,16.6667,9.62419e-005
GPT-4o,GPT-4o,16.9697,7.10856e-005
GPT-4o,GPT-4o,17.2727,5.25042e-005
GPT-4o,GPT-4o,17.5758,3.87794e-005
GPT-4o,GPT-4o,17.8788,2.86421e-005
GPT-4o,GPT-4o,18.1818,2.11547e-005
GPT-4o,GPT-4o,18.4848,1.56246e-005
GPT-4o,GPT-4o,18.7879,1.154e-005
GPT-4o,GPT-4o,19.0909,8.52326e-006
GPT-4o,GPT-4o,19.3939,6.29511e-006
GPT-4o,GPT-4o,19.697,4.64943e-006
GPT-4o,GPT-4o,20,3.43397e-006
GPT-4o,GPT-4o,20.303,2.53625e-006
GPT-4o,GPT-4o,20.6061,1.87322e-006
GPT-4o,GPT-4o,20.9091,1.38352e-006
GPT-4o,GPT-4o,21.2121,1.02184e-006
GPT-4o,GPT-4o,21.5152,7.54704e-007
GPT-4o,GPT-4o,21.8182,5.57407e-007
GPT-4o,GPT-4o,22.1212,4.11688e-007
GPT-4o,GPT-4o,22.4242,3.04063e-007
GPT-4o,GPT-4o,22.7273,2.24574e-007
GPT-4o,GPT-4o,23.0303,1.65865e-007
GPT-4o,GPT-4o,23.3333,1.22504e-007
GPT-4o,GPT-4o,23.6364,9.04787e-008
GPT-4o,GPT-4o,23.9394,6.68255e-008
GPT-4o,GPT-4o,24.2424,4.93558e-008
GPT-4o,GPT-4o,24.5455,3.6453e-008
GPT-4o,GPT-4o,24.8485,2.69234e-008
GPT-4o,GPT-4o,25.1515,1.9885e-008
GPT-4o,GPT-4o,25.4545,1.46866e-008
GPT-4o,GPT-4o,25.7576,1.08472e-008
GPT-4o,GPT-4o,26.0606,8.01146e-009
GPT-4o,GPT-4o,26.3636,5.91708e-009
GPT-4o,GPT-4o,26.6667,4.37022e-009
GPT-4o,GPT-4o,26.9697,3.22774e-009
GPT-4o,GPT-4o,27.2727,2.38393e-009
GPT-4o,GPT-4o,27.5758,1.76071e-009
GPT-4o,GPT-4o,27.8788,1.30042e-009
GPT-4o,GPT-4o,28.1818,9.60463e-010
GPT-4o,GPT-4o,28.4848,7.09377e-010
GPT-4o,GPT-4o,28.7879,5.23928e-010
GPT-4o,GPT-4o,29.0909,3.8696e-010
GPT-4o,GPT-4o,29.3939,2.85801e-010
GPT-4o,GPT-4o,29.697,2.11087e-010
GPT-4o,GPT-4o,30,1.55902e-010
CL-3.5-H,CL-3.5-H,-30,6.46665e-010
CL-3.5-H,CL-3.5-H,-29.697,8.75555e-010
CL-3.5-H,CL-3.5-H,-29.3939,1.18546e-009
CL-3.5-H,CL-3.5-H,-29.0909,1.60506e-009
CL-3.5-H,CL-3.5-H,-28.7879,2.17319e-009
CL-3.5-H,CL-3.5-H,-28.4848,2.9424e-009
CL-3.5-H,CL-3.5-H,-28.1818,3.98387e-009
CL-3.5-H,CL-3.5-H,-27.8788,5.39399e-009
CL-3.5-H,CL-3.5-H,-27.5758,7.30322e-009
CL-3.5-H,CL-3.5-H,-27.2727,9.88823e-009
CL-3.5-H,CL-3.5-H,-26.9697,1.33882e-008
CL-3.5-H,CL-3.5-H,-26.6667,1.81271e-008
CL-3.5-H,CL-3.5-H,-26.3636,2.45432e-008
CL-3.5-H,CL-3.5-H,-26.0606,3.32305e-008
CL-3.5-H,CL-3.5-H,-25.7576,4.49925e-008
CL-3.5-H,CL-3.5-H,-25.4545,6.09179e-008
CL-3.5-H,CL-3.5-H,-25.1515,8.24801e-008
CL-3.5-H,CL-3.5-H,-24.8485,1.11675e-007
CL-3.5-H,CL-3.5-H,-24.5455,1.51202e-007
CL-3.5-H,CL-3.5-H,-24.2424,2.04721e-007
CL-3.5-H,CL-3.5-H,-23.9394,2.77183e-007
CL-3.5-H,CL-3.5-H,-23.6364,3.75293e-007
CL-3.5-H,CL-3.5-H,-23.3333,5.0813e-007
CL-3.5-H,CL-3.5-H,-23.0303,6.87987e-007
CL-3.5-H,CL-3.5-H,-22.7273,9.31503e-007
CL-3.5-H,CL-3.5-H,-22.4242,1.26121e-006
CL-3.5-H,CL-3.5-H,-22.1212,1.70762e-006
CL-3.5-H,CL-3.5-H,-21.8182,2.31204e-006
CL-3.5-H,CL-3.5-H,-21.5152,3.1304e-006
CL-3.5-H,CL-3.5-H,-21.2121,4.23841e-006
CL-3.5-H,CL-3.5-H,-20.9091,5.7386e-006
CL-3.5-H,CL-3.5-H,-20.6061,7.76978e-006
CL-3.5-H,CL-3.5-H,-20.303,1.05199e-005
CL-3.5-H,CL-3.5-H,-20,1.42433e-005
CL-3.5-H,CL-3.5-H,-19.697,1.92846e-005
CL-3.5-H,CL-3.5-H,-19.3939,2.61102e-005
CL-3.5-H,CL-3.5-H,-19.0909,3.53515e-005
CL-3.5-H,CL-3.5-H,-18.7879,4.78631e-005
CL-3.5-H,CL-3.5-H,-18.4848,6.48023e-005
CL-3.5-H,CL-3.5-H,-18.1818,8.77354e-005
CL-3.5-H,CL-3.5-H,-17.8788,0.000118783
CL-3.5-H,CL-3.5-H,-17.5758,0.000160813
CL-3.5-H,CL-3.5-H,-17.2727,0.000217709
CL-3.5-H,CL-3.5-H,-16.9697,0.000294723
CL-3.5-H,CL-3.5-H,-16.6667,0.00039896
CL-3.5-H,CL-3.5-H,-16.3636,0.000540022
CL-3.5-H,CL-3.5-H,-16.0606,0.000730889
CL-3.5-H,CL-3.5-H,-15.7576,0.000989084
CL-3.5-H,CL-3.5-H,-15.4545,0.00133825
CL-3.5-H,CL-3.5-H,-15.1515,0.00181022
CL-3.5-H,CL-3.5-H,-14.8485,0.00244785
CL-3.5-H,CL-3.5-H,-14.5455,0.00330858
CL-3.5-H,CL-3.5-H,-14.2424,0.00446926
CL-3.5-H,CL-3.5-H,-13.9394,0.00603218
CL-3.5-H,CL-3.5-H,-13.6364,0.00813265
CL-3.5-H,CL-3.5-H,-13.3333,0.0109482
CL-3.5-H,CL-3.5-H,-13.0303,0.014709
CL-3.5-H,CL-3.5-H,-12.7273,0.0197085
CL-3.5-H,CL-3.5-H,-12.4242,0.0263121
CL-3.5-H,CL-3.5-H,-12.1212,0.0349596
CL-3.5-H,CL-3.5-H,-11.8182,0.0461533
CL-3.5-H,CL-3.5-H,-11.5152,0.0604194
CL-3.5-H,CL-3.5-H,-11.2121,0.0782279
CL-3.5-H,CL-3.5-H,-10.9091,0.0998524
CL-3.5-H,CL-3.5-H,-10.6061,0.125162
CL-3.5-H,CL-3.5-H,-10.303,0.153367
CL-3.5-H,CL-3.5-H,-10,0.182793
CL-3.5-H,CL-3.5-H,-9.69697,0.210826
CL-3.5-H,CL-3.5-H,-9.39394,0.234179
CL-3.5-H,CL-3.5-H,-9.09091,0.24958
CL-3.5-H,CL-3.5-H,-8.78788,0.254707
CL-3.5-H,CL-3.5-H,-8.48485,0.24899
CL-3.5-H,CL-3.5-H,-8.18182,0.233864
CL-3.5-H,CL-3.5-H,-7.87879,0.212324
CL-3.5-H,CL-3.5-H,-7.57576,0.188046
CL-3.5-H,CL-3.5-H,-7.27273,0.164509
CL-3.5-H,CL-3.5-H,-6.9697,0.144458
CL-3.5-H,CL-3.5-H,-6.66667,0.129746
CL-3.5-H,CL-3.5-H,-6.36364,0.121455
CL-3.5-H,CL-3.5-H,-6.06061,0.120089
CL-3.5-H,CL-3.5-H,-5.75758,0.125728
CL-3.5-H,CL-3.5-H,-5.45454,0.138053
CL-3.5-H,CL-3.5-H,-5.15151,0.15624
CL-3.5-H,CL-3.5-H,-4.84848,0.178773
CL-3.5-H,CL-3.5-H,-4.54545,0.203268
CL-3.5-H,CL-3.5-H,-4.24242,0.226508
CL-3.5-H,CL-3.5-H,-3.93939,0.24482
CL-3.5-H,CL-3.5-H,-3.63636,0.254845
CL-3.5-H,CL-3.5-H,-3.33333,0.25447
CL-3.5-H,CL-3.5-H,-3.0303,0.243498
CL-3.5-H,CL-3.5-H,-2.72727,0.223679
CL-3.5-H,CL-3.5-H,-2.42424,0.19809
CL-3.5-H,CL-3.5-H,-2.12121,0.170204
CL-3.5-H,CL-3.5-H,-1.81818,0.143074
CL-3.5-H,CL-3.5-H,-1.51515,0.118911
CL-3.5-H,CL-3.5-H,-1.21212,0.0990364
CL-3.5-H,CL-3.5-H,-0.90909,0.0840708
CL-3.5-H,CL-3.5-H,-0.60606,0.0742014
CL-3.5-H,CL-3.5-H,-0.303029,0.0694179
CL-3.5-H,CL-3.5-H,8.9407e-007,0.069676
CL-3.5-H,CL-3.5-H,0.303031,0.0749767
CL-3.5-H,CL-3.5-H,0.606062,0.0853608
CL-3.5-H,CL-3.5-H,0.909092,0.10082
CL-3.5-H,CL-3.5-H,1.21212,0.121126
CL-3.5-H,CL-3.5-H,1.51515,0.145581
CL-3.5-H,CL-3.5-H,1.81818,0.17276
CL-3.5-H,CL-3.5-H,2.12121,0.200334
CL-3.5-H,CL-3.5-H,2.42424,0.225153
CL-3.5-H,CL-3.5-H,2.72727,0.243716
CL-3.5-H,CL-3.5-H,3.0303,0.253018
CL-3.5-H,CL-3.5-H,3.33333,0.25146
CL-3.5-H,CL-3.5-H,3.63636,0.239412
CL-3.5-H,CL-3.5-H,3.93939,0.219091
CL-3.5-H,CL-3.5-H,4.24243,0.193841
CL-3.5-H,CL-3.5-H,4.54546,0.167196
CL-3.5-H,CL-3.5-H,4.84849,0.142148
CL-3.5-H,CL-3.5-H,5.15152,0.120819
CL-3.5-H,CL-3.5-H,5.45455,0.104482
CL-3.5-H,CL-3.5-H,5.75758,0.0937788
CL-3.5-H,CL-3.5-H,6.06061,0.0889717
CL-3.5-H,CL-3.5-H,6.36364,0.0901361
CL-3.5-H,CL-3.5-H,6.66667,0.0972532
CL-3.5-H,CL-3.5-H,6.9697,0.110187
CL-3.5-H,CL-3.5-H,7.27273,0.128548
CL-3.5-H,CL-3.5-H,7.57576,0.151469
CL-3.5-H,CL-3.5-H,7.87879,0.177353
CL-3.5-H,CL-3.5-H,8.18182,0.20371
CL-3.5-H,CL-3.5-H,8.48485,0.227256
CL-3.5-H,CL-3.5-H,8.78788,0.244411
CL-3.5-H,CL-3.5-H,9.09091,0.252145
CL-3.5-H,CL-3.5-H,9.39394,0.248884
CL-3.5-H,CL-3.5-H,9.69697,0.235023
CL-3.5-H,CL-3.5-H,10,0.212762
CL-3.5-H,CL-3.5-H,10.303,0.185345
CL-3.5-H,CL-3.5-H,10.6061,0.15612
CL-3.5-H,CL-3.5-H,10.9091,0.127818
CL-3.5-H,CL-3.5-H,11.2121,0.102233
CL-3.5-H,CL-3.5-H,11.5152,0.0802539
CL-3.5-H,CL-3.5-H,11.8182,0.0620807
CL-3.5-H,CL-3.5-H,12.1212,0.0474789
CL-3.5-H,CL-3.5-H,12.4242,0.0359963
CL-3.5-H,CL-3.5-H,12.7273,0.0271108
CL-3.5-H,CL-3.5-H,13.0303,0.0203171
CL-3.5-H,CL-3.5-H,13.3333,0.015169
CL-3.5-H,CL-3.5-H,13.6364,0.0112938
CL-3.5-H,CL-3.5-H,13.9394,0.00839116
CL-3.5-H,CL-3.5-H,14.2424,0.00622489
CL-3.5-H,CL-3.5-H,14.5455,0.00461258
CL-3.5-H,CL-3.5-H,14.8485,0.00341498
CL-3.5-H,CL-3.5-H,15.1515,0.00252672
CL-3.5-H,CL-3.5-H,15.4545,0.00186864
CL-3.5-H,CL-3.5-H,15.7576,0.00138148
CL-3.5-H,CL-3.5-H,16.0606,0.00102106
CL-3.5-H,CL-3.5-H,16.3636,0.000754536
CL-3.5-H,CL-3.5-H,16.6667,0.000557502
CL-3.5-H,CL-3.5-H,16.9697,0.000411877
CL-3.5-H,CL-3.5-H,17.2727,0.000304268
CL-3.5-H,CL-3.5-H,17.5758,0.000224761
CL-3.5-H,CL-3.5-H,17.8788,0.000166023
CL-3.5-H,CL-3.5-H,18.1818,0.000122631
CL-3.5-H,CL-3.5-H,18.4848,9.05782e-005
CL-3.5-H,CL-3.5-H,18.7879,6.69021e-005
CL-3.5-H,CL-3.5-H,19.0909,4.94141e-005
CL-3.5-H,CL-3.5-H,19.3939,3.64971e-005
CL-3.5-H,CL-3.5-H,19.697,2.69563e-005
CL-3.5-H,CL-3.5-H,20,1.99096e-005
CL-3.5-H,CL-3.5-H,20.303,1.47049e-005
CL-3.5-H,CL-3.5-H,20.6061,1.08608e-005
CL-3.5-H,CL-3.5-H,20.9091,8.02159e-006
CL-3.5-H,CL-3.5-H,21.2121,5.92458e-006
CL-3.5-H,CL-3.5-H,21.5152,4.37577e-006
CL-3.5-H,CL-3.5-H,21.8182,3.23185e-006
CL-3.5-H,CL-3.5-H,22.1212,2.38697e-006
CL-3.5-H,CL-3.5-H,22.4242,1.76296e-006
CL-3.5-H,CL-3.5-H,22.7273,1.30209e-006
CL-3.5-H,CL-3.5-H,23.0303,9.61691e-007
CL-3.5-H,CL-3.5-H,23.3333,7.10282e-007
CL-3.5-H,CL-3.5-H,23.6364,5.24598e-007
CL-3.5-H,CL-3.5-H,23.9394,3.87456e-007
CL-3.5-H,CL-3.5-H,24.2424,2.86166e-007
CL-3.5-H,CL-3.5-H,24.5455,2.11356e-007
CL-3.5-H,CL-3.5-H,24.8485,1.56103e-007
CL-3.5-H,CL-3.5-H,25.1515,1.15294e-007
CL-3.5-H,CL-3.5-H,25.4545,8.51531e-008
CL-3.5-H,CL-3.5-H,25.7576,6.28922e-008
CL-3.5-H,CL-3.5-H,26.0606,4.64507e-008
CL-3.5-H,CL-3.5-H,26.3636,3.43074e-008
CL-3.5-H,CL-3.5-H,26.6667,2.53387e-008
CL-3.5-H,CL-3.5-H,26.9697,1.87146e-008
CL-3.5-H,CL-3.5-H,27.2727,1.38221e-008
CL-3.5-H,CL-3.5-H,27.5758,1.02087e-008
CL-3.5-H,CL-3.5-H,27.8788,7.5399e-009
CL-3.5-H,CL-3.5-H,28.1818,5.5688e-009
CL-3.5-H,CL-3.5-H,28.4848,4.11299e-009
CL-3.5-H,CL-3.5-H,28.7879,3.03775e-009
CL-3.5-H,CL-3.5-H,29.0909,2.24362e-009
CL-3.5-H,CL-3.5-H,29.3939,1.65708e-009
CL-3.5-H,CL-3.5-H,29.697,1.22388e-009
CL-3.5-H,CL-3.5-H,30,9.03931e-010
CL-3.5-S,CL-3.5-S,-30,9.89348e-009
CL-3.5-S,CL-3.5-S,-29.697,1.33953e-008
CL-3.5-S,CL-3.5-S,-29.3939,1.81367e-008
CL-3.5-S,CL-3.5-S,-29.0909,2.45562e-008
CL-3.5-S,CL-3.5-S,-28.7879,3.32481e-008
CL-3.5-S,CL-3.5-S,-28.4848,4.50164e-008
CL-3.5-S,CL-3.5-S,-28.1818,6.09502e-008
CL-3.5-S,CL-3.5-S,-27.8788,8.25239e-008
CL-3.5-S,CL-3.5-S,-27.5758,1.11734e-007
CL-3.5-S,CL-3.5-S,-27.2727,1.51282e-007
CL-3.5-S,CL-3.5-S,-26.9697,2.0483e-007
CL-3.5-S,CL-3.5-S,-26.6667,2.7733e-007
CL-3.5-S,CL-3.5-S,-26.3636,3.75493e-007
CL-3.5-S,CL-3.5-S,-26.0606,5.084e-007
CL-3.5-S,CL-3.5-S,-25.7576,6.88351e-007
CL-3.5-S,CL-3.5-S,-25.4545,9.31996e-007
CL-3.5-S,CL-3.5-S,-25.1515,1.26188e-006
CL-3.5-S,CL-3.5-S,-24.8485,1.70853e-006
CL-3.5-S,CL-3.5-S,-24.5455,2.31327e-006
CL-3.5-S,CL-3.5-S,-24.2424,3.13206e-006
CL-3.5-S,CL-3.5-S,-23.9394,4.24066e-006
CL-3.5-S,CL-3.5-S,-23.6364,5.74164e-006
CL-3.5-S,CL-3.5-S,-23.3333,7.77389e-006
CL-3.5-S,CL-3.5-S,-23.0303,1.05255e-005
CL-3.5-S,CL-3.5-S,-22.7273,1.42509e-005
CL-3.5-S,CL-3.5-S,-22.4242,1.92949e-005
CL-3.5-S,CL-3.5-S,-22.1212,2.61241e-005
CL-3.5-S,CL-3.5-S,-21.8182,3.53701e-005
CL-3.5-S,CL-3.5-S,-21.5152,4.78884e-005
CL-3.5-S,CL-3.5-S,-21.2121,6.48366e-005
CL-3.5-S,CL-3.5-S,-20.9091,8.77819e-005
CL-3.5-S,CL-3.5-S,-20.6061,0.000118845
CL-3.5-S,CL-3.5-S,-20.303,0.000160898
CL-3.5-S,CL-3.5-S,-20,0.000217824
CL-3.5-S,CL-3.5-S,-19.697,0.000294878
CL-3.5-S,CL-3.5-S,-19.3939,0.000399168
CL-3.5-S,CL-3.5-S,-19.0909,0.000540304
CL-3.5-S,CL-3.5-S,-18.7879,0.000731267
CL-3.5-S,CL-3.5-S,-18.4848,0.00098959
CL-3.5-S,CL-3.5-S,-18.1818,0.00133892
CL-3.5-S,CL-3.5-S,-17.8788,0.00181112
CL-3.5-S,CL-3.5-S,-17.5758,0.00244903
CL-3.5-S,CL-3.5-S,-17.2727,0.00331013
CL-3.5-S,CL-3.5-S,-16.9697,0.00447125
CL-3.5-S,CL-3.5-S,-16.6667,0.00603468
CL-3.5-S,CL-3.5-S,-16.3636,0.00813569
CL-3.5-S,CL-3.5-S,-16.0606,0.0109517
CL-3.5-S,CL-3.5-S,-15.7576,0.0147126
CL-3.5-S,CL-3.5-S,-15.4545,0.0197113
CL-3.5-S,CL-3.5-S,-15.1515,0.0263123
CL-3.5-S,CL-3.5-S,-14.8485,0.0349535
CL-3.5-S,CL-3.5-S,-14.5455,0.0461338
CL-3.5-S,CL-3.5-S,-14.2424,0.0603738
CL-3.5-S,CL-3.5-S,-13.9394,0.0781343
CL-3.5-S,CL-3.5-S,-13.6364,0.0996734
CL-3.5-S,CL-3.5-S,-13.3333,0.124838
CL-3.5-S,CL-3.5-S,-13.0303,0.152806
CL-3.5-S,CL-3.5-S,-12.7273,0.181865
CL-3.5-S,CL-3.5-S,-12.4242,0.209348
CL-3.5-S,CL-3.5-S,-12.1212,0.231921
CL-3.5-S,CL-3.5-S,-11.8182,0.246258
CL-3.5-S,CL-3.5-S,-11.5152,0.249979
CL-3.5-S,CL-3.5-S,-11.2121,0.24244
CL-3.5-S,CL-3.5-S,-10.9091,0.224967
CL-3.5-S,CL-3.5-S,-10.6061,0.200389
CL-3.5-S,CL-3.5-S,-10.303,0.172147
CL-3.5-S,CL-3.5-S,-10,0.143411
CL-3.5-S,CL-3.5-S,-9.69697,0.116542
CL-3.5-S,CL-3.5-S,-9.39394,0.0929446
CL-3.5-S,CL-3.5-S,-9.09091,0.0732066
CL-3.5-S,CL-3.5-S,-8.78788,0.057351
CL-3.5-S,CL-3.5-S,-8.48485,0.0450839
CL-3.5-S,CL-3.5-S,-8.18182,0.0359856
CL-3.5-S,CL-3.5-S,-7.87879,0.029636
CL-3.5-S,CL-3.5-S,-7.57576,0.0256868
CL-3.5-S,CL-3.5-S,-7.27273,0.0238983
CL-3.5-S,CL-3.5-S,-6.9697,0.0241563
CL-3.5-S,CL-3.5-S,-6.66667,0.0264775
CL-3.5-S,CL-3.5-S,-6.36364,0.0310093
CL-3.5-S,CL-3.5-S,-6.06061,0.0380217
CL-3.5-S,CL-3.5-S,-5.75758,0.0478869
CL-3.5-S,CL-3.5-S,-5.45454,0.0610351
CL-3.5-S,CL-3.5-S,-5.15151,0.077871
CL-3.5-S,CL-3.5-S,-4.84848,0.0986333
CL-3.5-S,CL-3.5-S,-4.54545,0.123187
CL-3.5-S,CL-3.5-S,-4.24242,0.150768
CL-3.5-S,CL-3.5-S,-3.93939,0.179746
CL-3.5-S,CL-3.5-S,-3.63636,0.207542
CL-3.5-S,CL-3.5-S,-3.33333,0.230862
CL-3.5-S,CL-3.5-S,-3.0303,0.246348
CL-3.5-S,CL-3.5-S,-2.72727,0.251494
CL-3.5-S,CL-3.5-S,-2.42424,0.245481
CL-3.5-S,CL-3.5-S,-2.12121,0.229476
CL-3.5-S,CL-3.5-S,-1.81818,0.206242
CL-3.5-S,CL-3.5-S,-1.51515,0.179269
CL-3.5-S,CL-3.5-S,-1.21212,0.151879
CL-3.5-S,CL-3.5-S,-0.90909,0.12665
CL-3.5-S,CL-3.5-S,-0.60606,0.105242
CL-3.5-S,CL-3.5-S,-0.303029,0.0885209
CL-3.5-S,CL-3.5-S,8.9407e-007,0.0768153
CL-3.5-S,CL-3.5-S,0.303031,0.0701715
CL-3.5-S,CL-3.5-S,0.606062,0.0685488
CL-3.5-S,CL-3.5-S,0.909092,0.0719306
CL-3.5-S,CL-3.5-S,1.21212,0.0803517
CL-3.5-S,CL-3.5-S,1.51515,0.0938424
CL-3.5-S,CL-3.5-S,1.81818,0.112288
CL-3.5-S,CL-3.5-S,2.12121,0.135209
CL-3.5-S,CL-3.5-S,2.42424,0.161497
CL-3.5-S,CL-3.5-S,2.72727,0.189183
CL-3.5-S,CL-3.5-S,3.0303,0.215403
CL-3.5-S,CL-3.5-S,3.33333,0.236703
CL-3.5-S,CL-3.5-S,3.63636,0.249753
CL-3.5-S,CL-3.5-S,3.93939,0.252282
CL-3.5-S,CL-3.5-S,4.24243,0.243831
CL-3.5-S,CL-3.5-S,4.54546,0.225911
CL-3.5-S,CL-3.5-S,4.84849,0.201487
CL-3.5-S,CL-3.5-S,5.15152,0.174067
CL-3.5-S,CL-3.5-S,5.45455,0.146846
CL-3.5-S,CL-3.5-S,5.75758,0.122213
CL-3.5-S,CL-3.5-S,6.06061,0.101647
CL-3.5-S,CL-3.5-S,6.36364,0.0858808
CL-3.5-S,CL-3.5-S,6.66667,0.0751629
CL-3.5-S,CL-3.5-S,6.9697,0.0695072
CL-3.5-S,CL-3.5-S,7.27273,0.0688693
CL-3.5-S,CL-3.5-S,7.57576,0.0732409
CL-3.5-S,CL-3.5-S,7.87879,0.08266
CL-3.5-S,CL-3.5-S,8.18182,0.0971378
CL-3.5-S,CL-3.5-S,8.48485,0.116501
CL-3.5-S,CL-3.5-S,8.78788,0.140156
CL-3.5-S,CL-3.5-S,9.09091,0.166827
CL-3.5-S,CL-3.5-S,9.39394,0.194347
CL-3.5-S,CL-3.5-S,9.69697,0.219679
CL-3.5-S,CL-3.5-S,10,0.23931
CL-3.5-S,CL-3.5-S,10.303,0.250028
CL-3.5-S,CL-3.5-S,10.6061,0.249862
CL-3.5-S,CL-3.5-S,10.9091,0.23873
CL-3.5-S,CL-3.5-S,11.2121,0.218456
CL-3.5-S,CL-3.5-S,11.5152,0.192126
CL-3.5-S,CL-3.5-S,11.8182,0.163157
CL-3.5-S,CL-3.5-S,12.1212,0.134487
CL-3.5-S,CL-3.5-S,12.4242,0.108158
CL-3.5-S,CL-3.5-S,12.7273,0.0852759
CL-3.5-S,CL-3.5-S,13.0303,0.0661897
CL-3.5-S,CL-3.5-S,13.3333,0.0507538
CL-3.5-S,CL-3.5-S,13.6364,0.0385558
CL-3.5-S,CL-3.5-S,13.9394,0.0290822
CL-3.5-S,CL-3.5-S,14.2424,0.0218191
CL-3.5-S,CL-3.5-S,14.5455,0.0163043
CL-3.5-S,CL-3.5-S,14.8485,0.0121467
CL-3.5-S,CL-3.5-S,15.1515,0.00902909
CL-3.5-S,CL-3.5-S,15.4545,0.00670047
CL-3.5-S,CL-3.5-S,15.7576,0.00496627
CL-3.5-S,CL-3.5-S,16.0606,0.00367753
CL-3.5-S,CL-3.5-S,16.3636,0.00272137
CL-3.5-S,CL-3.5-S,16.6667,0.00201281
CL-3.5-S,CL-3.5-S,16.9697,0.00148818
CL-3.5-S,CL-3.5-S,17.2727,0.00109999
CL-3.5-S,CL-3.5-S,17.5758,0.000812891
CL-3.5-S,CL-3.5-S,17.8788,0.000600638
CL-3.5-S,CL-3.5-S,18.1818,0.000443756
CL-3.5-S,CL-3.5-S,18.4848,0.000327824
CL-3.5-S,CL-3.5-S,18.7879,0.000242165
CL-3.5-S,CL-3.5-S,19.0909,0.00017888
CL-3.5-S,CL-3.5-S,19.3939,0.000132129
CL-3.5-S,CL-3.5-S,19.697,9.75938e-005
CL-3.5-S,CL-3.5-S,20,7.20842e-005
CL-3.5-S,CL-3.5-S,20.303,5.32417e-005
CL-3.5-S,CL-3.5-S,20.6061,3.93242e-005
CL-3.5-S,CL-3.5-S,20.9091,2.90445e-005
CL-3.5-S,CL-3.5-S,21.2121,2.1452e-005
CL-3.5-S,CL-3.5-S,21.5152,1.58441e-005
CL-3.5-S,CL-3.5-S,21.8182,1.17022e-005
CL-3.5-S,CL-3.5-S,22.1212,8.643e-006
CL-3.5-S,CL-3.5-S,22.4242,6.38355e-006
CL-3.5-S,CL-3.5-S,22.7273,4.71476e-006
CL-3.5-S,CL-3.5-S,23.0303,3.48222e-006
CL-3.5-S,CL-3.5-S,23.3333,2.57189e-006
CL-3.5-S,CL-3.5-S,23.6364,1.89954e-006
CL-3.5-S,CL-3.5-S,23.9394,1.40296e-006
CL-3.5-S,CL-3.5-S,24.2424,1.03619e-006
CL-3.5-S,CL-3.5-S,24.5455,7.65308e-007
CL-3.5-S,CL-3.5-S,24.8485,5.65239e-007
CL-3.5-S,CL-3.5-S,25.1515,4.17473e-007
CL-3.5-S,CL-3.5-S,25.4545,3.08335e-007
CL-3.5-S,CL-3.5-S,25.7576,2.27729e-007
CL-3.5-S,CL-3.5-S,26.0606,1.68196e-007
CL-3.5-S,CL-3.5-S,26.3636,1.24225e-007
CL-3.5-S,CL-3.5-S,26.6667,9.175e-008
CL-3.5-S,CL-3.5-S,26.9697,6.77645e-008
CL-3.5-S,CL-3.5-S,27.2727,5.00492e-008
CL-3.5-S,CL-3.5-S,27.5758,3.69652e-008
CL-3.5-S,CL-3.5-S,27.8788,2.73016e-008
CL-3.5-S,CL-3.5-S,28.1818,2.01643e-008
CL-3.5-S,CL-3.5-S,28.4848,1.48929e-008
CL-3.5-S,CL-3.5-S,28.7879,1.09996e-008
CL-3.5-S,CL-3.5-S,29.0909,8.12403e-009
CL-3.5-S,CL-3.5-S,29.3939,6.0002e-009
CL-3.5-S,CL-3.5-S,29.697,4.43161e-009
CL-3.5-S,CL-3.5-S,30,3.27309e-009
