Essay_id,Raters,Scores
1,1,2
1,2,2
1,3,2
1,4,2
1,5,2
1,6,2
2,1,2
2,2,2
2,3,3
2,4,3
2,5,3
2,6,2
3,1,3
3,2,3
3,3,2
3,4,2
3,5,3
3,6,2
4,1,1
4,2,0
4,3,1
4,4,1
4,5,1
4,6,1
5,1,2
5,2,3
5,3,3
5,4,2
5,5,2
5,6,3
6,1,2
6,2,3
6,3,2
6,4,2
6,5,2
6,6,2
7,1,3
7,2,3
7,3,2
7,4,2
7,5,2
7,6,2
8,1,4
8,2,4
8,3,3
8,4,3
8,5,4
8,6,3
9,1,3
9,2,3
9,3,2
9,4,2
9,5,2
9,6,2
10,1,3
10,2,3
10,3,2
10,4,2
10,5,2
10,6,2
11,1,1
11,2,1
11,3,1
11,4,0
11,5,1
11,6,1
12,1,1
12,2,1
12,3,3
12,4,2
12,5,2
12,6,2
13,1,1
13,2,1
13,3,2
13,4,2
13,5,2
13,6,2
14,1,1
14,2,0
14,3,2
14,4,1
14,5,1
14,6,1
15,1,2
15,2,1
15,3,2
15,4,2
15,5,1
15,6,2
16,1,2
16,2,2
16,3,3
16,4,3
16,5,2
16,6,2
17,1,4
17,2,3
17,3,2
17,4,2
17,5,3
17,6,2
18,1,3
18,2,3
18,3,2
18,4,2
18,5,2
18,6,2
19,1,1
19,2,2
19,3,2
19,4,2
19,5,2
19,6,2
20,1,2
20,2,2
20,3,3
20,4,2
20,5,3
20,6,2
21,1,4
21,2,3
21,3,3
21,4,3
21,5,4
21,6,3
22,1,2
22,2,3
22,3,3
22,4,3
22,5,3
22,6,2
23,1,2
23,2,2
23,3,2
23,4,2
23,5,2
23,6,2
24,1,4
24,2,4
24,3,2
24,4,3
24,5,2
24,6,3
25,1,2
25,2,2
25,3,2
25,4,1
25,5,2
25,6,1
26,1,2
26,2,2
26,3,3
26,4,2
26,5,3
26,6,3
27,1,2
27,2,2
27,3,2
27,4,1
27,5,2
27,6,2
28,1,1
28,2,1
28,3,2
28,4,2
28,5,1
28,6,1
29,1,3
29,2,2
29,3,2
29,4,2
29,5,2
29,6,2
30,1,4
30,2,3
30,3,2
30,4,2
30,5,3
30,6,2
31,1,3
31,2,4
31,3,3
31,4,3
31,5,3
31,6,3
32,1,2
32,2,3
32,3,2
32,4,3
32,5,2
32,6,1
33,1,2
33,2,2
33,3,2
33,4,2
33,5,2
33,6,2
34,1,3
34,2,2
34,3,3
34,4,2
34,5,2
34,6,2
35,1,3
35,2,3
35,3,2
35,4,2
35,5,2
35,6,2
36,1,3
36,2,2
36,3,2
36,4,2
36,5,2
36,6,3
37,1,3
37,2,2
37,3,3
37,4,2
37,5,2
37,6,3
38,1,2
38,2,2
38,3,3
38,4,2
38,5,2
38,6,3
39,1,3
39,2,3
39,3,2
39,4,2
39,5,2
39,6,2
40,1,4
40,2,3
40,3,3
40,4,3
40,5,3
40,6,2
41,1,2
41,2,1
41,3,2
41,4,2
41,5,2
41,6,2
42,1,2
42,2,3
42,3,3
42,4,2
42,5,3
42,6,3
43,1,3
43,2,3
43,3,2
43,4,2
43,5,2
43,6,1
44,1,2
44,2,2
44,3,2
44,4,2
44,5,2
44,6,2
45,1,0
45,2,1
45,3,1
45,4,1
45,5,1
45,6,1
46,1,2
46,2,3
46,3,2
46,4,1
46,5,2
46,6,2
47,1,2
47,2,3
47,3,3
47,4,2
47,5,3
47,6,3
48,1,3
48,2,3
48,3,2
48,4,2
48,5,3
48,6,3
49,1,3
49,2,3
49,3,2
49,4,2
49,5,2
49,6,2
50,1,2
50,2,1
50,3,2
50,4,2
50,5,2
50,6,1
51,1,2
51,2,2
51,3,1
51,4,1
51,5,1
51,6,1
52,1,3
52,2,3
52,3,3
52,4,3
52,5,2
52,6,2
53,1,2
53,2,2
53,3,2
53,4,2
53,5,2
53,6,2
54,1,1
54,2,1
54,3,2
54,4,2
54,5,2
54,6,1
55,1,2
55,2,3
55,3,2
55,4,2
55,5,2
55,6,2
56,1,2
56,2,3
56,3,2
56,4,1
56,5,2
56,6,2
57,1,2
57,2,4
57,3,2
57,4,2
57,5,2
57,6,2
58,1,4
58,2,4
58,3,3
58,4,3
58,5,3
58,6,3
59,1,2
59,2,1
59,3,1
59,4,1
59,5,1
59,6,1
60,1,3
60,2,2
60,3,3
60,4,2
60,5,3
60,6,3
61,1,2
61,2,1
61,3,2
61,4,2
61,5,2
61,6,2
62,1,1
62,2,1
62,3,2
62,4,2
62,5,2
62,6,2
63,1,2
63,2,2
63,3,2
63,4,2
63,5,3
63,6,2
64,1,2
64,2,1
64,3,3
64,4,2
64,5,2
64,6,2
65,1,3
65,2,3
65,3,3
65,4,3
65,5,3
65,6,3
66,1,2
66,2,2
66,3,3
66,4,2
66,5,2
66,6,2
67,1,3
67,2,3
67,3,2
67,4,3
67,5,3
67,6,3
68,1,2
68,2,2
68,3,2
68,4,2
68,5,2
68,6,2
69,1,2
69,2,3
69,3,3
69,4,3
69,5,2
69,6,2
70,1,2
70,2,3
70,3,2
70,4,3
70,5,2
70,6,2
71,1,3
71,2,2
71,3,2
71,4,2
71,5,1
71,6,2
72,1,3
72,2,2
72,3,2
72,4,2
72,5,1
72,6,2
73,1,3
73,2,2
73,3,2
73,4,2
73,5,2
73,6,2
74,1,3
74,2,3
74,3,3
74,4,2
74,5,3
74,6,2
75,1,2
75,2,4
75,3,2
75,4,2
75,5,2
75,6,2
76,1,1
76,2,1
76,3,2
76,4,2
76,5,2
76,6,1
77,1,1
77,2,1
77,3,1
77,4,1
77,5,1
77,6,2
78,1,3
78,2,3
78,3,2
78,4,2
78,5,2
78,6,2
79,1,3
79,2,2
79,3,2
79,4,2
79,5,2
79,6,1
80,1,3
80,2,3
80,3,2
80,4,3
80,5,3
80,6,3
81,1,2
81,2,2
81,3,2
81,4,2
81,5,2
81,6,1
82,1,2
82,2,3
82,3,3
82,4,2
82,5,3
82,6,3
83,1,2
83,2,1
83,3,2
83,4,2
83,5,2
83,6,2
84,1,0
84,2,2
84,3,2
84,4,1
84,5,2
84,6,1
85,1,3
85,2,3
85,3,3
85,4,3
85,5,3
85,6,3
86,1,2
86,2,1
86,3,2
86,4,2
86,5,1
86,6,1
87,1,2
87,2,2
87,3,3
87,4,2
87,5,2
87,6,2
88,1,1
88,2,1
88,3,2
88,4,1
88,5,1
88,6,1
89,1,2
89,2,2
89,3,2
89,4,2
89,5,2
89,6,2
90,1,3
90,2,3
90,3,2
90,4,2
90,5,2
90,6,2
91,1,1
91,2,2
91,3,2
91,4,1
91,5,2
91,6,1
92,1,1
92,2,2
92,3,2
92,4,2
92,5,2
92,6,2
93,1,1
93,2,1
93,3,1
93,4,1
93,5,1
93,6,2
94,1,2
94,2,3
94,3,3
94,4,3
94,5,2
94,6,2
95,1,2
95,2,3
95,3,2
95,4,2
95,5,3
95,6,2
96,1,2
96,2,1
96,3,2
96,4,2
96,5,3
96,6,2
97,1,2
97,2,2
97,3,2
97,4,2
97,5,2
97,6,2
98,1,1
98,2,2
98,3,2
98,4,2
98,5,3
98,6,2
99,1,3
99,2,2
99,3,3
99,4,3
99,5,3
99,6,2
100,1,1
100,2,1
100,3,2
100,4,1
100,5,1
100,6,2
101,1,2
101,2,1
101,3,2
101,4,2
101,5,1
101,6,1
102,1,3
102,2,3
102,3,3
102,4,2
102,5,2
102,6,2
103,1,2
103,2,2
103,3,2
103,4,2
103,5,2
103,6,2
104,1,2
104,2,1
104,3,2
104,4,2
104,5,1
104,6,1
105,1,2
105,2,3
105,3,3
105,4,2
105,5,2
105,6,2
106,1,4
106,2,4
106,3,3
106,4,3
106,5,3
106,6,4
107,1,3
107,2,2
107,3,2
107,4,2
107,5,2
107,6,2
108,1,3
108,2,3
108,3,2
108,4,2
108,5,2
108,6,2
109,1,0
109,2,1
109,3,1
109,4,0
109,5,0
109,6,1
110,1,2
110,2,2
110,3,2
110,4,3
110,5,2
110,6,2
111,1,4
111,2,4
111,3,3
111,4,3
111,5,3
111,6,3
112,1,3
112,2,3
112,3,3
112,4,2
112,5,2
112,6,2
113,1,3
113,2,3
113,3,3
113,4,2
113,5,3
113,6,2
114,1,2
114,2,2
114,3,3
114,4,2
114,5,1
114,6,2
115,1,3
115,2,3
115,3,3
115,4,3
115,5,3
115,6,3
116,1,3
116,2,3
116,3,2
116,4,2
116,5,2
116,6,2
117,1,3
117,2,2
117,3,2
117,4,2
117,5,1
117,6,2
118,1,2
118,2,1
118,3,2
118,4,2
118,5,2
118,6,2
119,1,3
119,2,4
119,3,3
119,4,3
119,5,3
119,6,3
120,1,2
120,2,3
120,3,3
120,4,3
120,5,3
120,6,2
121,1,2
121,2,2
121,3,2
121,4,1
121,5,2
121,6,2
122,1,2
122,2,1
122,3,2
122,4,2
122,5,3
122,6,2
123,1,2
123,2,3
123,3,2
123,4,2
123,5,2
123,6,2
124,1,1
124,2,1
124,3,1
124,4,1
124,5,1
124,6,1
125,1,3
125,2,2
125,3,3
125,4,2
125,5,2
125,6,2
126,1,1
126,2,1
126,3,2
126,4,2
126,5,2
126,6,2
127,1,1
127,2,1
127,3,1
127,4,1
127,5,1
127,6,1
128,1,4
128,2,4
128,3,3
128,4,3
128,5,3
128,6,3
129,1,1
129,2,0
129,3,1
129,4,1
129,5,0
129,6,1
130,1,1
130,2,3
130,3,2
130,4,1
130,5,1
130,6,1
131,1,4
131,2,3
131,3,3
131,4,3
131,5,2
131,6,2
132,1,2
132,2,1
132,3,2
132,4,2
132,5,2
132,6,1
133,1,2
133,2,2
133,3,2
133,4,2
133,5,2
133,6,2
134,1,2
134,2,3
134,3,3
134,4,2
134,5,3
134,6,3
135,1,1
135,2,0
135,3,1
135,4,1
135,5,0
135,6,1
136,1,3
136,2,2
136,3,2
136,4,3
136,5,2
136,6,2
137,1,3
137,2,4
137,3,3
137,4,3
137,5,3
137,6,2
138,1,3
138,2,3
138,3,3
138,4,2
138,5,3
138,6,3
139,1,2
139,2,3
139,3,2
139,4,3
139,5,2
139,6,2
140,1,2
140,2,2
140,3,2
140,4,2
140,5,2
140,6,2
141,1,1
141,2,2
141,3,1
141,4,1
141,5,1
141,6,1
142,1,1
142,2,2
142,3,2
142,4,2
142,5,2
142,6,2
143,1,2
143,2,1
143,3,3
143,4,2
143,5,2
143,6,2
144,1,4
144,2,3
144,3,2
144,4,2
144,5,3
144,6,3
145,1,1
145,2,1
145,3,1
145,4,1
145,5,1
145,6,1
146,1,3
146,2,3
146,3,2
146,4,2
146,5,2
146,6,2
147,1,2
147,2,4
147,3,3
147,4,2
147,5,2
147,6,2
148,1,2
148,2,2
148,3,2
148,4,2
148,5,2
148,6,2
149,1,3
149,2,4
149,3,2
149,4,2
149,5,3
149,6,3
150,1,1
150,2,1
150,3,1
150,4,2
150,5,1
150,6,1
151,1,1
151,2,1
151,3,1
151,4,2
151,5,1
151,6,1
152,1,3
152,2,2
152,3,3
152,4,2
152,5,3
152,6,2
153,1,4
153,2,4
153,3,2
153,4,2
153,5,2
153,6,3
154,1,4
154,2,4
154,3,2
154,4,2
154,5,3
154,6,2
155,1,2
155,2,2
155,3,2
155,4,1
155,5,2
155,6,1
156,1,2
156,2,2
156,3,2
156,4,1
156,5,2
156,6,1
157,1,1
157,2,1
157,3,2
157,4,1
157,5,1
157,6,1
158,1,2
158,2,1
158,3,2
158,4,3
158,5,2
158,6,2
159,1,3
159,2,4
159,3,3
159,4,3
159,5,3
159,6,2
160,1,4
160,2,3
160,3,3
160,4,2
160,5,2
160,6,2
161,1,1
161,2,2
161,3,2
161,4,1
161,5,2
161,6,2
162,1,3
162,2,2
162,3,2
162,4,2
162,5,2
162,6,2
163,1,3
163,2,3
163,3,3
163,4,2
163,5,2
163,6,2
164,1,4
164,2,3
164,3,3
164,4,2
164,5,2
164,6,2
165,1,3
165,2,3
165,3,2
165,4,2
165,5,2
165,6,2
166,1,2
166,2,2
166,3,2
166,4,2
166,5,2
166,6,1
167,1,1
167,2,1
167,3,2
167,4,2
167,5,1
167,6,1
168,1,2
168,2,2
168,3,3
168,4,2
168,5,3
168,6,2
169,1,1
169,2,1
169,3,2
169,4,2
169,5,2
169,6,1
170,1,2
170,2,2
170,3,2
170,4,3
170,5,2
170,6,2
171,1,4
171,2,3
171,3,3
171,4,2
171,5,3
171,6,2
172,1,0
172,2,1
172,3,1
172,4,2
172,5,1
172,6,1
173,1,3
173,2,2
173,3,2
173,4,1
173,5,2
173,6,1
174,1,2
174,2,2
174,3,2
174,4,1
174,5,1
174,6,1
175,1,1
175,2,2
175,3,2
175,4,2
175,5,1
175,6,1
176,1,1
176,2,1
176,3,1
176,4,1
176,5,1
176,6,1
177,1,3
177,2,2
177,3,2
177,4,2
177,5,3
177,6,2
178,1,2
178,2,2
178,3,3
178,4,3
178,5,2
178,6,2
179,1,3
179,2,2
179,3,2
179,4,2
179,5,2
179,6,2
180,1,1
180,2,1
180,3,1
180,4,1
180,5,1
180,6,1
181,1,2
181,2,3
181,3,3
181,4,2
181,5,3
181,6,2
182,1,3
182,2,2
182,3,3
182,4,3
182,5,3
182,6,2
183,1,2
183,2,2
183,3,2
183,4,2
183,5,2
183,6,2
184,1,2
184,2,2
184,3,2
184,4,2
184,5,3
184,6,3
185,1,3
185,2,3
185,3,3
185,4,3
185,5,3
185,6,2
186,1,2
186,2,2
186,3,2
186,4,2
186,5,2
186,6,2
187,1,1
187,2,1
187,3,2
187,4,1
187,5,1
187,6,1
188,1,4
188,2,4
188,3,3
188,4,3
188,5,3
188,6,3
189,1,2
189,2,2
189,3,2
189,4,2
189,5,2
189,6,2
190,1,2
190,2,3
190,3,3
190,4,2
190,5,2
190,6,3
191,1,1
191,2,1
191,3,2
191,4,1
191,5,1
191,6,1
192,1,4
192,2,4
192,3,2
192,4,2
192,5,2
192,6,2
193,1,1
193,2,2
193,3,2
193,4,2
193,5,1
193,6,1
194,1,3
194,2,2
194,3,3
194,4,3
194,5,3
194,6,2
195,1,3
195,2,3
195,3,2
195,4,2
195,5,2
195,6,2
196,1,2
196,2,2
196,3,2
196,4,2
196,5,2
196,6,2
197,1,1
197,2,1
197,3,1
197,4,1
197,5,1
197,6,1
198,1,3
198,2,3
198,3,2
198,4,2
198,5,2
198,6,2
199,1,2
199,2,2
199,3,2
199,4,2
199,5,1
199,6,1
200,1,2
200,2,2
200,3,3
200,4,3
200,5,2
200,6,2
201,1,2
201,2,2
201,3,2
201,4,2
201,5,1
201,6,2
202,1,4
202,2,3
202,3,3
202,4,3
202,5,3
202,6,3
203,1,2
203,2,2
203,3,2
203,4,3
203,5,2
203,6,2
204,1,2
204,2,3
204,3,3
204,4,3
204,5,2
204,6,2
205,1,4
205,2,3
205,3,3
205,4,3
205,5,3
205,6,3
206,1,1
206,2,1
206,3,2
206,4,2
206,5,2
206,6,2
207,1,3
207,2,2
207,3,3
207,4,3
207,5,2
207,6,2
208,1,3
208,2,3
208,3,2
208,4,2
208,5,2
208,6,2
209,1,2
209,2,2
209,3,2
209,4,1
209,5,1
209,6,1
210,1,1
210,2,0
210,3,1
210,4,1
210,5,0
210,6,1
211,1,3
211,2,3
211,3,3
211,4,3
211,5,3
211,6,2
212,1,2
212,2,2
212,3,3
212,4,2
212,5,2
212,6,2
213,1,1
213,2,2
213,3,2
213,4,2
213,5,2
213,6,2
214,1,1
214,2,1
214,3,2
214,4,1
214,5,2
214,6,1
215,1,1
215,2,1
215,3,2
215,4,2
215,5,2
215,6,1
216,1,2
216,2,3
216,3,2
216,4,2
216,5,2
216,6,2
217,1,1
217,2,1
217,3,1
217,4,2
217,5,1
217,6,1
218,1,2
218,2,3
218,3,2
218,4,1
218,5,2
218,6,2
219,1,2
219,2,1
219,3,2
219,4,1
219,5,1
219,6,1
220,1,1
220,2,0
220,3,1
220,4,1
220,5,1
220,6,1
221,1,2
221,2,4
221,3,3
221,4,3
221,5,3
221,6,2
222,1,2
222,2,2
222,3,2
222,4,2
222,5,3
222,6,2
223,1,3
223,2,4
223,3,3
223,4,3
223,5,3
223,6,3
224,1,0
224,2,0
224,3,1
224,4,1
224,5,1
224,6,0
225,1,2
225,2,2
225,3,3
225,4,2
225,5,2
225,6,2
226,1,3
226,2,4
226,3,2
226,4,2
226,5,3
226,6,2
227,1,0
227,2,0
227,3,1
227,4,1
227,5,0
227,6,0
228,1,2
228,2,3
228,3,3
228,4,3
228,5,3
228,6,2
229,1,2
229,2,2
229,3,2
229,4,1
229,5,1
229,6,1
230,1,3
230,2,3
230,3,3
230,4,2
230,5,2
230,6,2
231,1,1
231,2,2
231,3,2
231,4,1
231,5,1
231,6,1
232,1,3
232,2,3
232,3,2
232,4,2
232,5,3
232,6,2
233,1,2
233,2,2
233,3,2
233,4,2
233,5,2
233,6,2
234,1,2
234,2,3
234,3,3
234,4,3
234,5,2
234,6,2
235,1,2
235,2,2
235,3,2
235,4,2
235,5,3
235,6,2
236,1,4
236,2,2
236,3,3
236,4,3
236,5,3
236,6,2
237,1,2
237,2,2
237,3,2
237,4,2
237,5,2
237,6,2
238,1,3
238,2,2
238,3,2
238,4,2
238,5,2
238,6,2
239,1,1
239,2,2
239,3,2
239,4,2
239,5,2
239,6,2
240,1,0
240,2,0
240,3,1
240,4,0
240,5,0
240,6,0
241,1,2
241,2,2
241,3,2
241,4,2
241,5,3
241,6,2
242,1,3
242,2,3
242,3,3
242,4,3
242,5,2
242,6,2
243,1,4
243,2,4
243,3,2
243,4,3
243,5,2
243,6,2
244,1,2
244,2,2
244,3,2
244,4,2
244,5,2
244,6,2
245,1,3
245,2,3
245,3,3
245,4,2
245,5,2
245,6,3
246,1,3
246,2,4
246,3,3
246,4,2
246,5,3
246,6,3
247,1,1
247,2,2
247,3,1
247,4,2
247,5,1
247,6,1
248,1,1
248,2,2
248,3,2
248,4,2
248,5,2
248,6,2
249,1,3
249,2,3
249,3,3
249,4,2
249,5,2
249,6,2
250,1,2
250,2,2
250,3,2
250,4,2
250,5,2
250,6,2
251,1,2
251,2,3
251,3,2
251,4,2
251,5,1
251,6,1
252,1,1
252,2,1
252,3,2
252,4,2
252,5,1
252,6,1
253,1,3
253,2,2
253,3,3
253,4,3
253,5,3
253,6,3
254,1,3
254,2,4
254,3,3
254,4,3
254,5,3
254,6,2
255,1,4
255,2,4
255,3,3
255,4,3
255,5,2
255,6,3
256,1,3
256,2,3
256,3,3
256,4,3
256,5,3
256,6,3
257,1,0
257,2,1
257,3,1
257,4,2
257,5,1
257,6,1
258,1,3
258,2,3
258,3,2
258,4,2
258,5,2
258,6,2
259,1,3
259,2,2
259,3,3
259,4,3
259,5,3
259,6,3
260,1,3
260,2,3
260,3,2
260,4,2
260,5,2
260,6,2
261,1,1
261,2,1
261,3,2
261,4,2
261,5,2
261,6,1
262,1,2
262,2,2
262,3,2
262,4,2
262,5,2
262,6,2
263,1,1
263,2,0
263,3,1
263,4,1
263,5,1
263,6,1
264,1,3
264,2,4
264,3,3
264,4,2
264,5,3
264,6,2
265,1,3
265,2,3
265,3,2
265,4,2
265,5,2
265,6,2
266,1,1
266,2,1
266,3,2
266,4,1
266,5,1
266,6,1
267,1,2
267,2,2
267,3,3
267,4,2
267,5,2
267,6,2
268,1,2
268,2,2
268,3,1
268,4,1
268,5,1
268,6,1
269,1,1
269,2,1
269,3,2
269,4,3
269,5,2
269,6,2
270,1,1
270,2,1
270,3,2
270,4,1
270,5,2
270,6,1
271,1,1
271,2,1
271,3,2
271,4,1
271,5,2
271,6,2
272,1,1
272,2,1
272,3,2
272,4,2
272,5,2
272,6,1
273,1,3
273,2,3
273,3,3
273,4,2
273,5,3
273,6,2
274,1,4
274,2,3
274,3,2
274,4,2
274,5,3
274,6,2
275,1,4
275,2,3
275,3,2
275,4,2
275,5,2
275,6,2
276,1,4
276,2,3
276,3,3
276,4,2
276,5,2
276,6,3
277,1,2
277,2,3
277,3,2
277,4,2
277,5,2
277,6,2
278,1,2
278,2,2
278,3,3
278,4,3
278,5,3
278,6,2
279,1,3
279,2,3
279,3,3
279,4,2
279,5,2
279,6,2
280,1,3
280,2,3
280,3,3
280,4,2
280,5,2
280,6,3
281,1,1
281,2,2
281,3,1
281,4,2
281,5,2
281,6,2
282,1,2
282,2,3
282,3,2
282,4,2
282,5,2
282,6,2
283,1,3
283,2,2
283,3,2
283,4,2
283,5,2
283,6,2
284,1,4
284,2,3
284,3,3
284,4,3
284,5,3
284,6,2
285,1,1
285,2,1
285,3,2
285,4,1
285,5,1
285,6,1
286,1,4
286,2,4
286,3,2
286,4,2
286,5,2
286,6,2
287,1,2
287,2,1
287,3,2
287,4,1
287,5,1
287,6,1
288,1,2
288,2,1
288,3,2
288,4,2
288,5,1
288,6,1
289,1,1
289,2,1
289,3,2
289,4,2
289,5,1
289,6,1
290,1,3
290,2,2
290,3,2
290,4,2
290,5,2
290,6,2
291,1,2
291,2,2
291,3,2
291,4,2
291,5,2
291,6,1
292,1,2
292,2,2
292,3,2
292,4,2
292,5,2
292,6,1
293,1,2
293,2,2
293,3,2
293,4,2
293,5,2
293,6,1
294,1,3
294,2,3
294,3,2
294,4,2
294,5,3
294,6,2
295,1,1
295,2,1
295,3,1
295,4,1
295,5,1
295,6,1
296,1,1
296,2,2
296,3,1
296,4,1
296,5,1
296,6,1
297,1,2
297,2,2
297,3,2
297,4,2
297,5,2
297,6,2
298,1,2
298,2,2
298,3,3
298,4,2
298,5,3
298,6,2
299,1,3
299,2,4
299,3,2
299,4,2
299,5,3
299,6,3
300,1,4
300,2,4
300,3,3
300,4,3
300,5,3
300,6,3
301,1,3
301,2,4
301,3,3
301,4,3
301,5,3
301,6,3
302,1,3
302,2,4
302,3,3
302,4,2
302,5,3
302,6,2
303,1,1
303,2,2
303,3,2
303,4,2
303,5,1
303,6,1
304,1,1
304,2,2
304,3,2
304,4,2
304,5,1
304,6,1
305,1,3
305,2,3
305,3,2
305,4,2
305,5,3
305,6,2
306,1,3
306,2,3
306,3,2
306,4,3
306,5,2
306,6,2
307,1,3
307,2,3
307,3,2
307,4,2
307,5,2
307,6,3
308,1,4
308,2,2
308,3,2
308,4,2
308,5,2
308,6,2
309,1,1
309,2,1
309,3,2
309,4,2
309,5,2
309,6,1
310,1,1
310,2,1
310,3,1
310,4,2
310,5,2
310,6,2
311,1,2
311,2,1
311,3,2
311,4,2
311,5,2
311,6,2
312,1,2
312,2,1
312,3,2
312,4,1
312,5,2
312,6,1
313,1,3
313,2,4
313,3,3
313,4,3
313,5,3
313,6,3
314,1,2
314,2,2
314,3,2
314,4,2
314,5,2
314,6,2
315,1,3
315,2,3
315,3,3
315,4,2
315,5,2
315,6,2
316,1,3
316,2,3
316,3,2
316,4,2
316,5,2
316,6,2
317,1,1
317,2,1
317,3,2
317,4,1
317,5,1
317,6,1
318,1,4
318,2,4
318,3,3
318,4,2
318,5,3
318,6,3
319,1,0
319,2,1
319,3,0
319,4,0
319,5,0
319,6,0
320,1,1
320,2,2
320,3,2
320,4,2
320,5,2
320,6,2
321,1,2
321,2,3
321,3,2
321,4,2
321,5,2
321,6,2
322,1,3
322,2,3
322,3,3
322,4,2
322,5,3
322,6,3
323,1,1
323,2,1
323,3,2
323,4,2
323,5,2
323,6,2
324,1,2
324,2,3
324,3,2
324,4,2
324,5,2
324,6,2
325,1,3
325,2,3
325,3,3
325,4,3
325,5,2
325,6,2
326,1,4
326,2,2
326,3,3
326,4,3
326,5,3
326,6,2
327,1,1
327,2,1
327,3,2
327,4,2
327,5,1
327,6,1
328,1,3
328,2,4
328,3,3
328,4,3
328,5,3
328,6,3
329,1,3
329,2,3
329,3,3
329,4,2
329,5,3
329,6,3
330,1,4
330,2,3
330,3,3
330,4,2
330,5,3
330,6,3
331,1,2
331,2,3
331,3,2
331,4,2
331,5,2
331,6,2
332,1,3
332,2,2
332,3,2
332,4,2
332,5,2
332,6,2
333,1,3
333,2,2
333,3,3
333,4,2
333,5,2
333,6,2
334,1,2
334,2,3
334,3,2
334,4,2
334,5,2
334,6,2
335,1,1
335,2,2
335,3,2
335,4,2
335,5,2
335,6,1
336,1,4
336,2,4
336,3,3
336,4,3
336,5,3
336,6,3
337,1,2
337,2,1
337,3,2
337,4,2
337,5,2
337,6,2
338,1,3
338,2,2
338,3,2
338,4,2
338,5,2
338,6,2
339,1,2
339,2,1
339,3,2
339,4,2
339,5,2
339,6,1
340,1,2
340,2,2
340,3,3
340,4,3
340,5,2
340,6,2
341,1,1
341,2,1
341,3,2
341,4,2
341,5,2
341,6,1
342,1,2
342,2,2
342,3,3
342,4,3
342,5,2
342,6,2
343,1,1
343,2,1
343,3,2
343,4,1
343,5,1
343,6,1
344,1,4
344,2,3
344,3,3
344,4,2
344,5,3
344,6,3
345,1,2
345,2,2
345,3,1
345,4,2
345,5,1
345,6,1
346,1,1
346,2,1
346,3,2
346,4,2
346,5,2
346,6,1
347,1,1
347,2,2
347,3,2
347,4,1
347,5,1
347,6,1
348,1,2
348,2,2
348,3,2
348,4,2
348,5,2
348,6,1
349,1,2
349,2,2
349,3,3
349,4,3
349,5,2
349,6,2
350,1,1
350,2,0
350,3,1
350,4,0
350,5,0
350,6,0
351,1,2
351,2,2
351,3,2
351,4,2
351,5,3
351,6,2
352,1,1
352,2,2
352,3,2
352,4,2
352,5,2
352,6,2
353,1,4
353,2,4
353,3,3
353,4,2
353,5,3
353,6,3
354,1,2
354,2,1
354,3,2
354,4,1
354,5,1
354,6,1
355,1,2
355,2,3
355,3,2
355,4,1
355,5,2
355,6,1
356,1,2
356,2,1
356,3,2
356,4,1
356,5,1
356,6,1
357,1,1
357,2,1
357,3,1
357,4,1
357,5,0
357,6,1
358,1,3
358,2,3
358,3,2
358,4,1
358,5,1
358,6,2
359,1,3
359,2,3
359,3,3
359,4,3
359,5,3
359,6,3
360,1,2
360,2,2
360,3,2
360,4,1
360,5,2
360,6,1
361,1,2
361,2,2
361,3,2
361,4,2
361,5,1
361,6,2
362,1,4
362,2,4
362,3,3
362,4,3
362,5,3
362,6,3
363,1,1
363,2,1
363,3,1
363,4,2
363,5,1
363,6,1
364,1,1
364,2,1
364,3,2
364,4,1
364,5,3
364,6,2
365,1,2
365,2,3
365,3,3
365,4,2
365,5,3
365,6,2
366,1,1
366,2,1
366,3,1
366,4,1
366,5,1
366,6,1
367,1,2
367,2,2
367,3,2
367,4,2
367,5,2
367,6,2
368,1,2
368,2,2
368,3,1
368,4,1
368,5,1
368,6,1
369,1,1
369,2,2
369,3,2
369,4,2
369,5,2
369,6,1
370,1,2
370,2,2
370,3,2
370,4,2
370,5,2
370,6,2
371,1,2
371,2,2
371,3,2
371,4,3
371,5,3
371,6,2
372,1,2
372,2,1
372,3,2
372,4,2
372,5,2
372,6,2
373,1,2
373,2,2
373,3,2
373,4,3
373,5,2
373,6,2
374,1,4
374,2,4
374,3,3
374,4,3
374,5,4
374,6,4
375,1,2
375,2,3
375,3,2
375,4,2
375,5,2
375,6,2
376,1,1
376,2,1
376,3,2
376,4,1
376,5,1
376,6,1
377,1,2
377,2,2
377,3,2
377,4,2
377,5,2
377,6,2
378,1,3
378,2,3
378,3,2
378,4,2
378,5,2
378,6,2
379,1,2
379,2,3
379,3,3
379,4,2
379,5,3
379,6,2
380,1,3
380,2,3
380,3,3
380,4,3
380,5,2
380,6,2
381,1,4
381,2,3
381,3,3
381,4,2
381,5,3
381,6,3
382,1,2
382,2,2
382,3,2
382,4,2
382,5,2
382,6,2
383,1,2
383,2,2
383,3,1
383,4,1
383,5,1
383,6,1
384,1,2
384,2,3
384,3,2
384,4,2
384,5,2
384,6,2
385,1,3
385,2,3
385,3,2
385,4,2
385,5,3
385,6,3
386,1,4
386,2,4
386,3,3
386,4,3
386,5,3
386,6,3
387,1,4
387,2,3
387,3,2
387,4,2
387,5,2
387,6,2
388,1,1
388,2,1
388,3,1
388,4,2
388,5,1
388,6,1
389,1,1
389,2,1
389,3,2
389,4,1
389,5,1
389,6,1
390,1,4
390,2,3
390,3,3
390,4,3
390,5,3
390,6,3
391,1,2
391,2,2
391,3,2
391,4,2
391,5,2
391,6,2
392,1,1
392,2,2
392,3,3
392,4,1
392,5,1
392,6,1
393,1,4
393,2,3
393,3,2
393,4,3
393,5,3
393,6,2
394,1,2
394,2,2
394,3,2
394,4,1
394,5,2
394,6,2
395,1,2
395,2,3
395,3,2
395,4,2
395,5,2
395,6,2
396,1,1
396,2,1
396,3,1
396,4,1
396,5,1
396,6,1
397,1,2
397,2,2
397,3,2
397,4,2
397,5,2
397,6,2
398,1,3
398,2,2
398,3,3
398,4,2
398,5,2
398,6,2
399,1,3
399,2,3
399,3,3
399,4,3
399,5,3
399,6,3
400,1,4
400,2,4
400,3,3
400,4,3
400,5,4
400,6,4
401,1,1
401,2,1
401,3,1
401,4,1
401,5,0
401,6,0
402,1,2
402,2,3
402,3,2
402,4,3
402,5,2
402,6,2
403,1,3
403,2,3
403,3,2
403,4,1
403,5,1
403,6,1
404,1,2
404,2,3
404,3,3
404,4,3
404,5,3
404,6,2
405,1,3
405,2,4
405,3,3
405,4,3
405,5,3
405,6,3
406,1,2
406,2,3
406,3,3
406,4,2
406,5,2
406,6,2
407,1,3
407,2,2
407,3,2
407,4,2
407,5,1
407,6,1
408,1,1
408,2,1
408,3,2
408,4,2
408,5,1
408,6,1
409,1,2
409,2,3
409,3,3
409,4,3
409,5,3
409,6,3
410,1,2
410,2,3
410,3,2
410,4,3
410,5,2
410,6,2
411,1,2
411,2,1
411,3,2
411,4,1
411,5,1
411,6,1
412,1,1
412,2,1
412,3,2
412,4,2
412,5,2
412,6,1
413,1,2
413,2,2
413,3,2
413,4,1
413,5,2
413,6,2
414,1,4
414,2,3
414,3,3
414,4,2
414,5,2
414,6,2
415,1,3
415,2,4
415,3,3
415,4,3
415,5,2
415,6,2
416,1,4
416,2,4
416,3,3
416,4,3
416,5,3
416,6,3
417,1,3
417,2,3
417,3,3
417,4,2
417,5,3
417,6,3
418,1,4
418,2,4
418,3,3
418,4,2
418,5,2
418,6,2
419,1,1
419,2,1
419,3,2
419,4,2
419,5,1
419,6,1
420,1,2
420,2,2
420,3,2
420,4,2
420,5,2
420,6,2
421,1,3
421,2,3
421,3,3
421,4,2
421,5,2
421,6,2
422,1,3
422,2,2
422,3,3
422,4,3
422,5,3
422,6,3
423,1,1
423,2,1
423,3,1
423,4,1
423,5,0
423,6,1
424,1,1
424,2,2
424,3,1
424,4,1
424,5,1
424,6,1
425,1,3
425,2,3
425,3,2
425,4,3
425,5,2
425,6,2
426,1,3
426,2,3
426,3,3
426,4,3
426,5,3
426,6,2
427,1,2
427,2,3
427,3,2
427,4,2
427,5,2
427,6,2
428,1,1
428,2,1
428,3,1
428,4,1
428,5,1
428,6,1
429,1,1
429,2,2
429,3,2
429,4,1
429,5,1
429,6,2
430,1,3
430,2,4
430,3,3
430,4,3
430,5,3
430,6,3
431,1,3
431,2,3
431,3,2
431,4,2
431,5,3
431,6,2
432,1,1
432,2,1
432,3,2
432,4,1
432,5,1
432,6,1
433,1,2
433,2,2
433,3,2
433,4,2
433,5,2
433,6,1
434,1,2
434,2,2
434,3,2
434,4,2
434,5,2
434,6,2
435,1,2
435,2,3
435,3,3
435,4,3
435,5,2
435,6,2
436,1,2
436,2,2
436,3,2
436,4,2
436,5,2
436,6,2
437,1,4
437,2,4
437,3,3
437,4,2
437,5,2
437,6,2
438,1,2
438,2,2
438,3,2
438,4,2
438,5,2
438,6,2
439,1,2
439,2,2
439,3,2
439,4,2
439,5,2
439,6,2
440,1,2
440,2,2
440,3,2
440,4,2
440,5,2
440,6,2
441,1,2
441,2,2
441,3,2
441,4,1
441,5,2
441,6,2
442,1,2
442,2,2
442,3,2
442,4,2
442,5,2
442,6,2
443,1,4
443,2,4
443,3,2
443,4,3
443,5,2
443,6,2
444,1,4
444,2,4
444,3,3
444,4,3
444,5,3
444,6,3
445,1,1
445,2,1
445,3,2
445,4,2
445,5,2
445,6,2
446,1,2
446,2,3
446,3,3
446,4,3
446,5,2
446,6,2
447,1,3
447,2,4
447,3,2
447,4,3
447,5,2
447,6,2
448,1,1
448,2,0
448,3,2
448,4,2
448,5,1
448,6,1
449,1,1
449,2,1
449,3,2
449,4,1
449,5,1
449,6,1
450,1,4
450,2,1
450,3,2
450,4,2
450,5,2
450,6,1
451,1,2
451,2,1
451,3,2
451,4,2
451,5,2
451,6,1
452,1,3
452,2,2
452,3,3
452,4,2
452,5,2
452,6,2
453,1,1
453,2,2
453,3,1
453,4,1
453,5,2
453,6,1
454,1,2
454,2,2
454,3,3
454,4,1
454,5,2
454,6,2
455,1,3
455,2,3
455,3,3
455,4,2
455,5,2
455,6,2
456,1,3
456,2,3
456,3,2
456,4,2
456,5,3
456,6,2
457,1,1
457,2,2
457,3,2
457,4,2
457,5,2
457,6,2
458,1,2
458,2,2
458,3,3
458,4,3
458,5,3
458,6,3
459,1,2
459,2,1
459,3,2
459,4,2
459,5,2
459,6,2
460,1,1
460,2,1
460,3,1
460,4,1
460,5,0
460,6,1
461,1,3
461,2,2
461,3,2
461,4,2
461,5,2
461,6,2
462,1,2
462,2,1
462,3,2
462,4,2
462,5,2
462,6,1
463,1,1
463,2,1
463,3,1
463,4,2
463,5,1
463,6,1
464,1,3
464,2,3
464,3,3
464,4,2
464,5,2
464,6,2
465,1,3
465,2,3
465,3,2
465,4,2
465,5,2
465,6,2
466,1,2
466,2,1
466,3,2
466,4,2
466,5,2
466,6,2
467,1,3
467,2,2
467,3,3
467,4,2
467,5,2
467,6,2
468,1,0
468,2,0
468,3,1
468,4,0
468,5,0
468,6,1
469,1,3
469,2,3
469,3,3
469,4,2
469,5,3
469,6,2
470,1,3
470,2,4
470,3,3
470,4,3
470,5,3
470,6,3
471,1,3
471,2,3
471,3,3
471,4,3
471,5,2
471,6,2
472,1,2
472,2,1
472,3,2
472,4,2
472,5,1
472,6,1
473,1,4
473,2,4
473,3,3
473,4,2
473,5,3
473,6,3
474,1,2
474,2,2
474,3,2
474,4,3
474,5,2
474,6,2
475,1,1
475,2,1
475,3,1
475,4,1
475,5,0
475,6,1
476,1,2
476,2,2
476,3,2
476,4,2
476,5,2
476,6,2
477,1,2
477,2,3
477,3,2
477,4,2
477,5,2
477,6,2
478,1,1
478,2,1
478,3,2
478,4,1
478,5,0
478,6,1
479,1,3
479,2,3
479,3,2
479,4,2
479,5,2
479,6,2
480,1,2
480,2,2
480,3,2
480,4,2
480,5,2
480,6,1
481,1,1
481,2,1
481,3,2
481,4,2
481,5,1
481,6,1
482,1,2
482,2,2
482,3,2
482,4,2
482,5,2
482,6,2
483,1,3
483,2,3
483,3,3
483,4,2
483,5,2
483,6,2
484,1,2
484,2,3
484,3,3
484,4,2
484,5,2
484,6,2
485,1,1
485,2,2
485,3,1
485,4,2
485,5,2
485,6,1
486,1,4
486,2,2
486,3,2
486,4,2
486,5,2
486,6,1
487,1,3
487,2,3
487,3,3
487,4,2
487,5,2
487,6,2
488,1,2
488,2,2
488,3,2
488,4,2
488,5,2
488,6,2
489,1,2
489,2,3
489,3,2
489,4,2
489,5,3
489,6,2
490,1,1
490,2,2
490,3,2
490,4,2
490,5,2
490,6,2
491,1,1
491,2,1
491,3,2
491,4,2
491,5,2
491,6,2
492,1,4
492,2,3
492,3,3
492,4,3
492,5,3
492,6,2
493,1,3
493,2,1
493,3,2
493,4,2
493,5,3
493,6,2
494,1,2
494,2,1
494,3,2
494,4,2
494,5,2
494,6,2
495,1,2
495,2,3
495,3,3
495,4,2
495,5,3
495,6,3
496,1,1
496,2,1
496,3,1
496,4,1
496,5,1
496,6,1
497,1,3
497,2,3
497,3,3
497,4,3
497,5,2
497,6,2
498,1,3
498,2,2
498,3,2
498,4,2
498,5,3
498,6,2
499,1,1
499,2,1
499,3,2
499,4,2
499,5,2
499,6,1
500,1,3
500,2,2
500,3,2
500,4,2
500,5,2
500,6,2
501,1,3
501,2,3
501,3,2
501,4,3
501,5,2
501,6,2
502,1,2
502,2,2
502,3,2
502,4,2
502,5,2
502,6,2
503,1,2
503,2,2
503,3,2
503,4,2
503,5,2
503,6,2
504,1,2
504,2,2
504,3,2
504,4,3
504,5,2
504,6,2
505,1,1
505,2,1
505,3,2
505,4,2
505,5,2
505,6,1
506,1,2
506,2,1
506,3,1
506,4,1
506,5,0
506,6,1
507,1,1
507,2,2
507,3,3
507,4,2
507,5,2
507,6,2
508,1,3
508,2,3
508,3,2
508,4,2
508,5,2
508,6,2
509,1,2
509,2,2
509,3,2
509,4,2
509,5,3
509,6,2
510,1,1
510,2,1
510,3,2
510,4,2
510,5,1
510,6,1
511,1,2
511,2,2
511,3,2
511,4,2
511,5,2
511,6,2
512,1,2
512,2,2
512,3,3
512,4,2
512,5,3
512,6,3
513,1,3
513,2,2
513,3,2
513,4,2
513,5,2
513,6,2
514,1,3
514,2,4
514,3,3
514,4,3
514,5,4
514,6,3
515,1,2
515,2,2
515,3,3
515,4,2
515,5,2
515,6,1
516,1,1
516,2,1
516,3,2
516,4,2
516,5,2
516,6,1
517,1,4
517,2,4
517,3,3
517,4,3
517,5,3
517,6,3
518,1,1
518,2,1
518,3,1
518,4,2
518,5,1
518,6,1
519,1,0
519,2,0
519,3,0
519,4,1
519,5,0
519,6,0
520,1,1
520,2,2
520,3,2
520,4,2
520,5,2
520,6,1
521,1,3
521,2,4
521,3,2
521,4,3
521,5,3
521,6,3
522,1,3
522,2,3
522,3,3
522,4,2
522,5,3
522,6,2
523,1,1
523,2,3
523,3,2
523,4,2
523,5,2
523,6,1
524,1,3
524,2,3
524,3,3
524,4,3
524,5,3
524,6,3
525,1,2
525,2,3
525,3,2
525,4,2
525,5,1
525,6,1
526,1,3
526,2,3
526,3,3
526,4,3
526,5,3
526,6,4
527,1,3
527,2,3
527,3,3
527,4,3
527,5,3
527,6,3
528,1,2
528,2,2
528,3,2
528,4,2
528,5,2
528,6,2
529,1,3
529,2,4
529,3,3
529,4,3
529,5,3
529,6,3
530,1,1
530,2,1
530,3,1
530,4,1
530,5,0
530,6,1
531,1,2
531,2,3
531,3,3
531,4,2
531,5,3
531,6,3
532,1,1
532,2,1
532,3,1
532,4,1
532,5,1
532,6,1
533,1,2
533,2,3
533,3,2
533,4,2
533,5,2
533,6,2
534,1,3
534,2,4
534,3,3
534,4,2
534,5,3
534,6,2
535,1,1
535,2,2
535,3,2
535,4,2
535,5,2
535,6,2
536,1,0
536,2,0
536,3,0
536,4,1
536,5,0
536,6,0
537,1,3
537,2,2
537,3,2
537,4,3
537,5,3
537,6,2
538,1,4
538,2,3
538,3,3
538,4,3
538,5,2
538,6,3
539,1,4
539,2,3
539,3,2
539,4,2
539,5,2
539,6,2
540,1,3
540,2,3
540,3,2
540,4,2
540,5,2
540,6,2
541,1,4
541,2,3
541,3,2
541,4,2
541,5,3
541,6,2
542,1,3
542,2,2
542,3,3
542,4,3
542,5,3
542,6,2
543,1,2
543,2,1
543,3,2
543,4,2
543,5,2
543,6,2
544,1,2
544,2,3
544,3,2
544,4,2
544,5,2
544,6,2
545,1,3
545,2,3
545,3,2
545,4,2
545,5,2
545,6,2
546,1,3
546,2,3
546,3,2
546,4,2
546,5,2
546,6,2
547,1,4
547,2,3
547,3,2
547,4,2
547,5,2
547,6,2
548,1,2
548,2,3
548,3,2
548,4,2
548,5,2
548,6,2
549,1,1
549,2,2
549,3,2
549,4,1
549,5,1
549,6,1
550,1,3
550,2,3
550,3,2
550,4,3
550,5,2
550,6,3
551,1,1
551,2,2
551,3,2
551,4,2
551,5,2
551,6,2
552,1,1
552,2,1
552,3,2
552,4,2
552,5,2
552,6,2
553,1,2
553,2,2
553,3,2
553,4,2
553,5,2
553,6,2
554,1,1
554,2,1
554,3,2
554,4,2
554,5,2
554,6,1
555,1,2
555,2,2
555,3,2
555,4,2
555,5,2
555,6,2
556,1,2
556,2,1
556,3,1
556,4,1
556,5,2
556,6,1
557,1,2
557,2,3
557,3,2
557,4,2
557,5,3
557,6,2
558,1,3
558,2,3
558,3,2
558,4,2
558,5,2
558,6,2
559,1,2
559,2,1
559,3,2
559,4,2
559,5,2
559,6,2
560,1,2
560,2,2
560,3,2
560,4,3
560,5,2
560,6,2
561,1,3
561,2,4
561,3,3
561,4,3
561,5,2
561,6,2
562,1,3
562,2,4
562,3,3
562,4,3
562,5,3
562,6,3
563,1,1
563,2,2
563,3,2
563,4,2
563,5,2
563,6,1
564,1,2
564,2,2
564,3,3
564,4,2
564,5,2
564,6,2
565,1,2
565,2,2
565,3,2
565,4,2
565,5,3
565,6,2
566,1,2
566,2,1
566,3,2
566,4,1
566,5,1
566,6,1
567,1,4
567,2,4
567,3,2
567,4,3
567,5,3
567,6,2
568,1,2
568,2,2
568,3,2
568,4,2
568,5,2
568,6,2
569,1,3
569,2,2
569,3,3
569,4,2
569,5,2
569,6,2
570,1,1
570,2,2
570,3,1
570,4,1
570,5,1
570,6,1
571,1,2
571,2,1
571,3,2
571,4,2
571,5,2
571,6,2
572,1,2
572,2,2
572,3,3
572,4,2
572,5,2
572,6,2
573,1,2
573,2,2
573,3,2
573,4,2
573,5,2
573,6,2
574,1,2
574,2,2
574,3,2
574,4,2
574,5,2
574,6,2
575,1,1
575,2,1
575,3,2
575,4,2
575,5,2
575,6,1
576,1,2
576,2,2
576,3,2
576,4,2
576,5,2
576,6,2
577,1,4
577,2,4
577,3,3
577,4,2
577,5,2
577,6,2
578,1,3
578,2,4
578,3,3
578,4,3
578,5,3
578,6,3
579,1,4
579,2,4
579,3,3
579,4,3
579,5,2
579,6,3
580,1,3
580,2,3
580,3,3
580,4,2
580,5,2
580,6,2
581,1,2
581,2,2
581,3,3
581,4,2
581,5,2
581,6,2
582,1,2
582,2,3
582,3,3
582,4,2
582,5,3
582,6,2
583,1,1
583,2,1
583,3,2
583,4,1
583,5,1
583,6,1
584,1,1
584,2,1
584,3,2
584,4,2
584,5,2
584,6,1
585,1,3
585,2,3
585,3,2
585,4,2
585,5,2
585,6,2
586,1,2
586,2,1
586,3,2
586,4,2
586,5,2
586,6,2
587,1,2
587,2,2
587,3,3
587,4,2
587,5,2
587,6,2
588,1,0
588,2,0
588,3,1
588,4,1
588,5,0
588,6,1
589,1,3
589,2,2
589,3,3
589,4,2
589,5,3
589,6,2
590,1,2
590,2,2
590,3,2
590,4,2
590,5,2
590,6,2
591,1,3
591,2,3
591,3,3
591,4,3
591,5,2
591,6,3
592,1,2
592,2,2
592,3,3
592,4,2
592,5,2
592,6,2
593,1,2
593,2,1
593,3,2
593,4,2
593,5,2
593,6,2
594,1,3
594,2,4
594,3,3
594,4,3
594,5,3
594,6,3
595,1,2
595,2,1
595,3,1
595,4,1
595,5,2
595,6,1
596,1,3
596,2,4
596,3,3
596,4,3
596,5,3
596,6,3
597,1,3
597,2,3
597,3,2
597,4,2
597,5,2
597,6,2
598,1,3
598,2,4
598,3,3
598,4,2
598,5,2
598,6,2
599,1,4
599,2,2
599,3,2
599,4,2
599,5,2
599,6,2
600,1,1
600,2,2
600,3,1
600,4,1
600,5,0
600,6,1
601,1,1
601,2,2
601,3,2
601,4,2
601,5,2
601,6,1
602,1,2
602,2,2
602,3,3
602,4,2
602,5,2
602,6,2
603,1,3
603,2,3
603,3,3
603,4,3
603,5,2
603,6,2
604,1,3
604,2,2
604,3,2
604,4,2
604,5,2
604,6,2
605,1,2
605,2,2
605,3,2
605,4,1
605,5,2
605,6,1
606,1,3
606,2,2
606,3,3
606,4,2
606,5,3
606,6,2
607,1,2
607,2,1
607,3,1
607,4,1
607,5,2
607,6,1
608,1,1
608,2,2
608,3,1
608,4,2
608,5,2
608,6,0
609,1,0
609,2,0
609,3,1
609,4,1
609,5,0
609,6,0
610,1,2
610,2,2
610,3,3
610,4,3
610,5,2
610,6,2
611,1,2
611,2,2
611,3,2
611,4,2
611,5,2
611,6,2
612,1,2
612,2,2
612,3,2
612,4,2
612,5,2
612,6,2
613,1,2
613,2,3
613,3,3
613,4,3
613,5,3
613,6,2
614,1,4
614,2,3
614,3,3
614,4,3
614,5,3
614,6,3
615,1,2
615,2,1
615,3,2
615,4,1
615,5,1
615,6,1
616,1,2
616,2,2
616,3,2
616,4,3
616,5,3
616,6,2
617,1,1
617,2,1
617,3,1
617,4,1
617,5,1
617,6,1
618,1,3
618,2,2
618,3,2
618,4,2
618,5,2
618,6,2
619,1,1
619,2,1
619,3,2
619,4,2
619,5,2
619,6,2
620,1,4
620,2,3
620,3,2
620,4,2
620,5,2
620,6,2
621,1,4
621,2,3
621,3,3
621,4,3
621,5,2
621,6,3
622,1,4
622,2,3
622,3,3
622,4,2
622,5,4
622,6,2
623,1,2
623,2,3
623,3,2
623,4,2
623,5,2
623,6,2
624,1,3
624,2,2
624,3,2
624,4,2
624,5,2
624,6,2
625,1,1
625,2,1
625,3,1
625,4,1
625,5,2
625,6,2
626,1,2
626,2,2
626,3,2
626,4,2
626,5,2
626,6,2
627,1,1
627,2,1
627,3,2
627,4,2
627,5,2
627,6,2
628,1,4
628,2,3
628,3,3
628,4,3
628,5,3
628,6,3
629,1,1
629,2,2
629,3,2
629,4,1
629,5,2
629,6,1
630,1,2
630,2,2
630,3,2
630,4,2
630,5,3
630,6,2
631,1,2
631,2,3
631,3,3
631,4,3
631,5,3
631,6,3
632,1,2
632,2,3
632,3,3
632,4,2
632,5,2
632,6,2
633,1,3
633,2,3
633,3,2
633,4,2
633,5,2
633,6,2
634,1,2
634,2,2
634,3,2
634,4,2
634,5,2
634,6,2
635,1,1
635,2,1
635,3,2
635,4,1
635,5,1
635,6,1
636,1,4
636,2,3
636,3,3
636,4,2
636,5,3
636,6,3
637,1,2
637,2,1
637,3,2
637,4,2
637,5,1
637,6,1
638,1,2
638,2,2
638,3,2
638,4,2
638,5,2
638,6,2
639,1,1
639,2,1
639,3,1
639,4,1
639,5,1
639,6,1
640,1,3
640,2,2
640,3,3
640,4,2
640,5,2
640,6,2
641,1,2
641,2,3
641,3,2
641,4,2
641,5,2
641,6,2
642,1,2
642,2,4
642,3,3
642,4,3
642,5,3
642,6,3
643,1,1
643,2,1
643,3,1
643,4,1
643,5,1
643,6,1
644,1,3
644,2,4
644,3,3
644,4,3
644,5,3
644,6,3
645,1,2
645,2,2
645,3,2
645,4,2
645,5,1
645,6,1
646,1,1
646,2,1
646,3,2
646,4,1
646,5,2
646,6,1
647,1,2
647,2,2
647,3,2
647,4,2
647,5,2
647,6,2
648,1,2
648,2,1
648,3,2
648,4,2
648,5,2
648,6,2
649,1,1
649,2,1
649,3,2
649,4,2
649,5,1
649,6,1
650,1,2
650,2,1
650,3,2
650,4,2
650,5,2
650,6,1
651,1,2
651,2,2
651,3,2
651,4,2
651,5,2
651,6,2
652,1,4
652,2,4
652,3,3
652,4,3
652,5,2
652,6,2
653,1,3
653,2,4
653,3,3
653,4,3
653,5,3
653,6,3
654,1,1
654,2,1
654,3,1
654,4,1
654,5,1
654,6,1
655,1,2
655,2,3
655,3,3
655,4,3
655,5,3
655,6,3
656,1,3
656,2,4
656,3,3
656,4,3
656,5,3
656,6,3
657,1,3
657,2,3
657,3,2
657,4,3
657,5,3
657,6,2
658,1,1
658,2,2
658,3,2
658,4,1
658,5,2
658,6,2
659,1,2
659,2,1
659,3,2
659,4,1
659,5,1
659,6,1
660,1,1
660,2,1
660,3,2
660,4,1
660,5,1
660,6,1
661,1,2
661,2,2
661,3,2
661,4,3
661,5,2
661,6,2
662,1,2
662,2,2
662,3,2
662,4,2
662,5,2
662,6,2
663,1,3
663,2,4
663,3,2
663,4,2
663,5,2
663,6,2
664,1,2
664,2,2
664,3,3
664,4,2
664,5,3
664,6,2
665,1,2
665,2,2
665,3,3
665,4,2
665,5,3
665,6,2
666,1,2
666,2,2
666,3,2
666,4,2
666,5,2
666,6,2
667,1,2
667,2,2
667,3,2
667,4,1
667,5,2
667,6,2
668,1,2
668,2,3
668,3,2
668,4,2
668,5,2
668,6,2
669,1,2
669,2,1
669,3,2
669,4,1
669,5,1
669,6,2
670,1,1
670,2,1
670,3,2
670,4,2
670,5,1
670,6,1
671,1,4
671,2,3
671,3,3
671,4,3
671,5,4
671,6,3
672,1,4
672,2,4
672,3,3
672,4,3
672,5,3
672,6,3
673,1,2
673,2,1
673,3,2
673,4,2
673,5,2
673,6,1
674,1,3
674,2,3
674,3,2
674,4,2
674,5,2
674,6,2
675,1,4
675,2,4
675,3,2
675,4,2
675,5,2
675,6,2
676,1,2
676,2,2
676,3,2
676,4,2
676,5,2
676,6,2
677,1,1
677,2,2
677,3,2
677,4,2
677,5,2
677,6,2
678,1,2
678,2,2
678,3,3
678,4,2
678,5,2
678,6,2
679,1,4
679,2,4
679,3,3
679,4,2
679,5,2
679,6,3
680,1,1
680,2,1
680,3,1
680,4,1
680,5,0
680,6,0
681,1,2
681,2,2
681,3,2
681,4,2
681,5,2
681,6,2
682,1,2
682,2,2
682,3,2
682,4,2
682,5,2
682,6,2
683,1,3
683,2,2
683,3,2
683,4,2
683,5,3
683,6,2
684,1,2
684,2,2
684,3,2
684,4,3
684,5,3
684,6,2
685,1,2
685,2,2
685,3,3
685,4,3
685,5,3
685,6,2
686,1,3
686,2,3
686,3,2
686,4,2
686,5,2
686,6,2
687,1,4
687,2,3
687,3,3
687,4,2
687,5,3
687,6,3
688,1,4
688,2,3
688,3,3
688,4,3
688,5,2
688,6,2
689,1,2
689,2,1
689,3,3
689,4,2
689,5,2
689,6,2
690,1,4
690,2,4
690,3,2
690,4,3
690,5,3
690,6,3
691,1,3
691,2,4
691,3,2
691,4,3
691,5,2
691,6,2
692,1,2
692,2,3
692,3,3
692,4,2
692,5,3
692,6,2
693,1,2
693,2,2
693,3,3
693,4,1
693,5,2
693,6,2
694,1,2
694,2,3
694,3,3
694,4,2
694,5,3
694,6,2
695,1,1
695,2,1
695,3,1
695,4,1
695,5,1
695,6,1
696,1,3
696,2,3
696,3,3
696,4,3
696,5,3
696,6,3
697,1,3
697,2,2
697,3,3
697,4,3
697,5,3
697,6,3
698,1,2
698,2,1
698,3,2
698,4,1
698,5,2
698,6,1
699,1,3
699,2,3
699,3,2
699,4,2
699,5,2
699,6,2
700,1,0
700,2,0
700,3,1
700,4,1
700,5,0
700,6,1
701,1,1
701,2,1
701,3,2
701,4,2
701,5,2
701,6,1
702,1,2
702,2,2
702,3,2
702,4,2
702,5,2
702,6,1
703,1,4
703,2,4
703,3,3
703,4,3
703,5,3
703,6,3
704,1,4
704,2,4
704,3,2
704,4,3
704,5,2
704,6,2
705,1,4
705,2,4
705,3,2
705,4,2
705,5,2
705,6,2
706,1,2
706,2,3
706,3,3
706,4,3
706,5,3
706,6,3
707,1,1
707,2,2
707,3,2
707,4,1
707,5,2
707,6,2
708,1,2
708,2,2
708,3,2
708,4,2
708,5,2
708,6,2
709,1,3
709,2,4
709,3,3
709,4,3
709,5,3
709,6,3
710,1,3
710,2,3
710,3,3
710,4,3
710,5,2
710,6,2
711,1,3
711,2,3
711,3,3
711,4,3
711,5,2
711,6,2
712,1,4
712,2,4
712,3,3
712,4,3
712,5,3
712,6,2
713,1,2
713,2,1
713,3,2
713,4,2
713,5,2
713,6,1
714,1,2
714,2,2
714,3,1
714,4,1
714,5,2
714,6,1
715,1,2
715,2,2
715,3,2
715,4,3
715,5,2
715,6,2
716,1,1
716,2,1
716,3,1
716,4,1
716,5,0
716,6,1
717,1,2
717,2,2
717,3,2
717,4,2
717,5,2
717,6,1
718,1,3
718,2,3
718,3,2
718,4,2
718,5,2
718,6,2
719,1,2
719,2,3
719,3,3
719,4,2
719,5,2
719,6,2
720,1,1
720,2,2
720,3,2
720,4,1
720,5,2
720,6,1
721,1,1
721,2,1
721,3,2
721,4,2
721,5,2
721,6,2
722,1,2
722,2,2
722,3,2
722,4,2
722,5,2
722,6,1
723,1,2
723,2,2
723,3,2
723,4,2
723,5,1
723,6,2
724,1,1
724,2,2
724,3,3
724,4,2
724,5,3
724,6,2
725,1,2
725,2,1
725,3,2
725,4,2
725,5,2
725,6,2
726,1,1
726,2,1
726,3,1
726,4,1
726,5,1
726,6,1
727,1,3
727,2,4
727,3,3
727,4,3
727,5,3
727,6,3
728,1,2
728,2,1
728,3,1
728,4,2
728,5,1
728,6,1
729,1,3
729,2,3
729,3,3
729,4,2
729,5,3
729,6,2
730,1,3
730,2,3
730,3,2
730,4,2
730,5,3
730,6,2
731,1,2
731,2,3
731,3,2
731,4,2
731,5,2
731,6,2
732,1,2
732,2,1
732,3,1
732,4,1
732,5,1
732,6,1
733,1,1
733,2,1
733,3,2
733,4,1
733,5,1
733,6,1
734,1,2
734,2,2
734,3,2
734,4,2
734,5,2
734,6,2
735,1,1
735,2,1
735,3,2
735,4,1
735,5,1
735,6,1
736,1,1
736,2,1
736,3,2
736,4,2
736,5,2
736,6,1
737,1,2
737,2,1
737,3,1
737,4,1
737,5,1
737,6,1
738,1,3
738,2,3
738,3,3
738,4,2
738,5,3
738,6,2
739,1,2
739,2,2
739,3,2
739,4,2
739,5,2
739,6,2
740,1,1
740,2,1
740,3,1
740,4,1
740,5,1
740,6,1
741,1,2
741,2,2
741,3,2
741,4,2
741,5,1
741,6,1
742,1,1
742,2,2
742,3,2
742,4,2
742,5,1
742,6,2
743,1,2
743,2,2
743,3,3
743,4,2
743,5,3
743,6,2
744,1,2
744,2,2
744,3,2
744,4,3
744,5,2
744,6,2
745,1,3
745,2,2
745,3,2
745,4,2
745,5,3
745,6,2
746,1,1
746,2,0
746,3,1
746,4,1
746,5,1
746,6,1
747,1,3
747,2,2
747,3,2
747,4,2
747,5,2
747,6,2
748,1,4
748,2,4
748,3,2
748,4,2
748,5,3
748,6,2
749,1,2
749,2,2
749,3,2
749,4,2
749,5,2
749,6,2
750,1,3
750,2,3
750,3,3
750,4,3
750,5,3
750,6,3
751,1,1
751,2,1
751,3,1
751,4,2
751,5,1
751,6,1
752,1,1
752,2,1
752,3,1
752,4,1
752,5,0
752,6,1
753,1,2
753,2,3
753,3,2
753,4,2
753,5,2
753,6,2
754,1,3
754,2,1
754,3,2
754,4,2
754,5,2
754,6,1
755,1,3
755,2,4
755,3,3
755,4,3
755,5,3
755,6,3
756,1,2
756,2,2
756,3,2
756,4,2
756,5,1
756,6,2
757,1,3
757,2,2
757,3,2
757,4,2
757,5,2
757,6,2
758,1,3
758,2,3
758,3,2
758,4,2
758,5,2
758,6,2
759,1,2
759,2,2
759,3,1
759,4,2
759,5,2
759,6,1
760,1,2
760,2,2
760,3,3
760,4,3
760,5,2
760,6,2
761,1,2
761,2,3
761,3,2
761,4,2
761,5,2
761,6,2
762,1,1
762,2,1
762,3,2
762,4,2
762,5,1
762,6,1
763,1,2
763,2,3
763,3,2
763,4,2
763,5,2
763,6,2
764,1,3
764,2,3
764,3,2
764,4,3
764,5,3
764,6,3
765,1,2
765,2,1
765,3,2
765,4,2
765,5,1
765,6,1
766,1,1
766,2,1
766,3,2
766,4,2
766,5,2
766,6,1
767,1,0
767,2,1
767,3,1
767,4,1
767,5,1
767,6,1
768,1,3
768,2,2
768,3,3
768,4,3
768,5,3
768,6,2
769,1,1
769,2,1
769,3,2
769,4,1
769,5,2
769,6,1
770,1,2
770,2,2
770,3,3
770,4,2
770,5,2
770,6,2
771,1,2
771,2,3
771,3,2
771,4,3
771,5,3
771,6,2
772,1,1
772,2,1
772,3,2
772,4,2
772,5,1
772,6,1
773,1,2
773,2,2
773,3,2
773,4,2
773,5,2
773,6,2
774,1,2
774,2,2
774,3,2
774,4,2
774,5,2
774,6,2
775,1,1
775,2,1
775,3,1
775,4,1
775,5,2
775,6,1
776,1,1
776,2,1
776,3,2
776,4,2
776,5,2
776,6,2
777,1,1
777,2,1
777,3,1
777,4,1
777,5,0
777,6,1
778,1,1
778,2,1
778,3,2
778,4,2
778,5,2
778,6,1
779,1,2
779,2,3
779,3,2
779,4,1
779,5,2
779,6,2
780,1,1
780,2,1
780,3,2
780,4,1
780,5,2
780,6,1
781,1,3
781,2,3
781,3,3
781,4,3
781,5,3
781,6,2
782,1,3
782,2,4
782,3,3
782,4,3
782,5,3
782,6,3
783,1,3
783,2,4
783,3,3
783,4,2
783,5,3
783,6,3
784,1,2
784,2,1
784,3,2
784,4,3
784,5,2
784,6,2
785,1,2
785,2,1
785,3,2
785,4,1
785,5,1
785,6,1
786,1,3
786,2,3
786,3,3
786,4,3
786,5,3
786,6,3
787,1,3
787,2,3
787,3,3
787,4,3
787,5,3
787,6,2
788,1,2
788,2,1
788,3,2
788,4,2
788,5,2
788,6,2
789,1,2
789,2,2
789,3,2
789,4,2
789,5,1
789,6,2
790,1,2
790,2,2
790,3,3
790,4,3
790,5,3
790,6,2
791,1,2
791,2,2
791,3,2
791,4,2
791,5,2
791,6,2
792,1,3
792,2,2
792,3,3
792,4,2
792,5,2
792,6,2
793,1,4
793,2,3
793,3,2
793,4,2
793,5,2
793,6,3
794,1,4
794,2,3
794,3,3
794,4,2
794,5,3
794,6,3
795,1,1
795,2,0
795,3,1
795,4,1
795,5,0
795,6,1
796,1,3
796,2,3
796,3,2
796,4,2
796,5,2
796,6,2
797,1,2
797,2,2
797,3,2
797,4,3
797,5,3
797,6,2
798,1,2
798,2,1
798,3,2
798,4,1
798,5,2
798,6,2
799,1,1
799,2,2
799,3,2
799,4,2
799,5,2
799,6,2
800,1,3
800,2,2
800,3,3
800,4,3
800,5,3
800,6,3
801,1,2
801,2,2
801,3,3
801,4,3
801,5,2
801,6,2
802,1,2
802,2,2
802,3,2
802,4,2
802,5,2
802,6,2
803,1,1
803,2,1
803,3,2
803,4,2
803,5,2
803,6,1
804,1,0
804,2,1
804,3,1
804,4,1
804,5,1
804,6,1
805,1,3
805,2,2
805,3,2
805,4,2
805,5,2
805,6,2
806,1,3
806,2,3
806,3,3
806,4,3
806,5,2
806,6,2
807,1,2
807,2,3
807,3,2
807,4,2
807,5,3
807,6,2
808,1,2
808,2,2
808,3,2
808,4,2
808,5,2
808,6,1
809,1,1
809,2,1
809,3,1
809,4,1
809,5,0
809,6,1
810,1,1
810,2,0
810,3,1
810,4,1
810,5,0
810,6,1
811,1,4
811,2,4
811,3,3
811,4,2
811,5,3
811,6,3
812,1,3
812,2,3
812,3,3
812,4,3
812,5,3
812,6,3
813,1,3
813,2,2
813,3,2
813,4,2
813,5,2
813,6,2
814,1,1
814,2,1
814,3,2
814,4,1
814,5,2
814,6,1
815,1,1
815,2,2
815,3,2
815,4,2
815,5,2
815,6,1
816,1,1
816,2,1
816,3,2
816,4,2
816,5,2
816,6,1
817,1,1
817,2,2
817,3,2
817,4,2
817,5,2
817,6,2
818,1,3
818,2,3
818,3,3
818,4,3
818,5,3
818,6,3
819,1,3
819,2,2
819,3,3
819,4,2
819,5,3
819,6,2
820,1,2
820,2,2
820,3,3
820,4,3
820,5,3
820,6,2
821,1,2
821,2,2
821,3,3
821,4,3
821,5,3
821,6,2
822,1,2
822,2,2
822,3,2
822,4,2
822,5,2
822,6,2
823,1,3
823,2,3
823,3,3
823,4,2
823,5,3
823,6,2
824,1,3
824,2,3
824,3,2
824,4,2
824,5,2
824,6,2
825,1,1
825,2,2
825,3,2
825,4,2
825,5,2
825,6,1
826,1,1
826,2,1
826,3,2
826,4,2
826,5,2
826,6,2
827,1,2
827,2,2
827,3,2
827,4,2
827,5,3
827,6,2
828,1,2
828,2,1
828,3,2
828,4,2
828,5,2
828,6,2
829,1,2
829,2,2
829,3,1
829,4,2
829,5,1
829,6,2
830,1,2
830,2,3
830,3,3
830,4,3
830,5,2
830,6,2
831,1,2
831,2,3
831,3,3
831,4,2
831,5,3
831,6,2
832,1,2
832,2,1
832,3,2
832,4,2
832,5,1
832,6,1
833,1,2
833,2,2
833,3,2
833,4,1
833,5,2
833,6,1
834,1,2
834,2,3
834,3,2
834,4,3
834,5,2
834,6,2
835,1,2
835,2,0
835,3,1
835,4,1
835,5,1
835,6,1
836,1,2
836,2,2
836,3,2
836,4,2
836,5,2
836,6,2
837,1,1
837,2,1
837,3,1
837,4,1
837,5,2
837,6,1
838,1,1
838,2,1
838,3,2
838,4,1
838,5,1
838,6,1
839,1,2
839,2,3
839,3,3
839,4,2
839,5,2
839,6,2
840,1,2
840,2,2
840,3,2
840,4,2
840,5,2
840,6,2
841,1,3
841,2,2
841,3,3
841,4,2
841,5,2
841,6,2
842,1,2
842,2,1
842,3,1
842,4,2
842,5,2
842,6,1
843,1,4
843,2,3
843,3,3
843,4,2
843,5,3
843,6,2
844,1,2
844,2,2
844,3,3
844,4,3
844,5,2
844,6,2
845,1,4
845,2,3
845,3,2
845,4,2
845,5,3
845,6,3
846,1,3
846,2,3
846,3,3
846,4,3
846,5,2
846,6,2
847,1,4
847,2,4
847,3,3
847,4,3
847,5,2
847,6,3
848,1,4
848,2,3
848,3,3
848,4,3
848,5,4
848,6,3
849,1,3
849,2,3
849,3,3
849,4,2
849,5,2
849,6,2
850,1,1
850,2,2
850,3,2
850,4,1
850,5,1
850,6,1
851,1,1
851,2,1
851,3,1
851,4,1
851,5,1
851,6,1
852,1,2
852,2,1
852,3,1
852,4,2
852,5,2
852,6,1
853,1,1
853,2,2
853,3,2
853,4,2
853,5,1
853,6,1
854,1,3
854,2,3
854,3,2
854,4,2
854,5,2
854,6,2
855,1,0
855,2,1
855,3,1
855,4,1
855,5,1
855,6,1
856,1,1
856,2,2
856,3,2
856,4,1
856,5,1
856,6,1
857,1,4
857,2,3
857,3,3
857,4,2
857,5,2
857,6,3
858,1,1
858,2,2
858,3,2
858,4,2
858,5,2
858,6,2
859,1,2
859,2,2
859,3,2
859,4,2
859,5,3
859,6,2
860,1,3
860,2,4
860,3,3
860,4,3
860,5,3
860,6,3
861,1,1
861,2,1
861,3,2
861,4,2
861,5,1
861,6,1
862,1,2
862,2,1
862,3,2
862,4,1
862,5,1
862,6,1
863,1,1
863,2,0
863,3,1
863,4,1
863,5,1
863,6,1
864,1,3
864,2,3
864,3,3
864,4,2
864,5,3
864,6,2
865,1,1
865,2,1
865,3,2
865,4,2
865,5,2
865,6,1
866,1,3
866,2,3
866,3,2
866,4,3
866,5,3
866,6,3
867,1,4
867,2,3
867,3,3
867,4,3
867,5,3
867,6,3
868,1,3
868,2,3
868,3,3
868,4,2
868,5,3
868,6,2
869,1,3
869,2,3
869,3,2
869,4,2
869,5,3
869,6,2
870,1,3
870,2,2
870,3,2
870,4,2
870,5,2
870,6,2
871,1,3
871,2,3
871,3,3
871,4,3
871,5,2
871,6,2
872,1,3
872,2,2
872,3,3
872,4,2
872,5,2
872,6,2
873,1,4
873,2,4
873,3,3
873,4,3
873,5,3
873,6,3
874,1,4
874,2,3
874,3,3
874,4,2
874,5,3
874,6,3
875,1,2
875,2,2
875,3,2
875,4,2
875,5,2
875,6,2
876,1,2
876,2,2
876,3,2
876,4,2
876,5,2
876,6,2
877,1,2
877,2,2
877,3,2
877,4,2
877,5,2
877,6,1
878,1,2
878,2,3
878,3,2
878,4,3
878,5,2
878,6,2
879,1,2
879,2,2
879,3,3
879,4,2
879,5,3
879,6,2
880,1,4
880,2,4
880,3,3
880,4,3
880,5,3
880,6,3
881,1,2
881,2,1
881,3,1
881,4,1
881,5,2
881,6,1
882,1,2
882,2,0
882,3,1
882,4,1
882,5,1
882,6,1
883,1,3
883,2,3
883,3,3
883,4,3
883,5,3
883,6,2
884,1,4
884,2,4
884,3,3
884,4,3
884,5,3
884,6,2
885,1,2
885,2,2
885,3,2
885,4,2
885,5,2
885,6,1
886,1,2
886,2,2
886,3,2
886,4,2
886,5,2
886,6,2
887,1,2
887,2,2
887,3,2
887,4,2
887,5,2
887,6,2
888,1,1
888,2,0
888,3,1
888,4,1
888,5,1
888,6,1
889,1,3
889,2,3
889,3,2
889,4,3
889,5,3
889,6,2
890,1,1
890,2,2
890,3,2
890,4,1
890,5,2
890,6,2
891,1,1
891,2,0
891,3,1
891,4,1
891,5,1
891,6,1
892,1,1
892,2,1
892,3,1
892,4,1
892,5,2
892,6,2
893,1,2
893,2,2
893,3,2
893,4,2
893,5,1
893,6,1
894,1,2
894,2,2
894,3,2
894,4,2
894,5,2
894,6,2
895,1,2
895,2,2
895,3,2
895,4,2
895,5,2
895,6,1
896,1,2
896,2,2
896,3,2
896,4,2
896,5,2
896,6,2
897,1,2
897,2,2
897,3,3
897,4,3
897,5,2
897,6,2
898,1,3
898,2,2
898,3,2
898,4,1
898,5,2
898,6,1
899,1,4
899,2,3
899,3,2
899,4,3
899,5,3
899,6,2
900,1,1
900,2,0
900,3,1
900,4,1
900,5,0
900,6,1
901,1,3
901,2,2
901,3,2
901,4,2
901,5,2
901,6,2
902,1,3
902,2,2
902,3,3
902,4,2
902,5,2
902,6,2
903,1,4
903,2,4
903,3,3
903,4,3
903,5,4
903,6,3
904,1,2
904,2,2
904,3,2
904,4,2
904,5,3
904,6,2
905,1,0
905,2,1
905,3,1
905,4,1
905,5,1
905,6,0
906,1,2
906,2,2
906,3,2
906,4,2
906,5,2
906,6,2
907,1,2
907,2,2
907,3,2
907,4,3
907,5,2
907,6,2
908,1,1
908,2,1
908,3,2
908,4,2
908,5,1
908,6,1
909,1,4
909,2,2
909,3,2
909,4,2
909,5,2
909,6,2
910,1,4
910,2,4
910,3,3
910,4,3
910,5,3
910,6,3
911,1,1
911,2,1
911,3,2
911,4,2
911,5,2
911,6,2
912,1,3
912,2,3
912,3,3
912,4,2
912,5,2
912,6,2
913,1,2
913,2,2
913,3,2
913,4,2
913,5,3
913,6,2
914,1,2
914,2,2
914,3,2
914,4,2
914,5,2
914,6,2
915,1,4
915,2,3
915,3,2
915,4,2
915,5,2
915,6,2
916,1,3
916,2,2
916,3,2
916,4,3
916,5,2
916,6,1
917,1,2
917,2,3
917,3,3
917,4,2
917,5,3
917,6,2
918,1,2
918,2,1
918,3,1
918,4,2
918,5,2
918,6,1
919,1,3
919,2,3
919,3,2
919,4,2
919,5,3
919,6,2
920,1,1
920,2,0
920,3,1
920,4,0
920,5,1
920,6,1
921,1,2
921,2,3
921,3,3
921,4,2
921,5,2
921,6,2
922,1,3
922,2,2
922,3,2
922,4,2
922,5,2
922,6,2
923,1,4
923,2,4
923,3,3
923,4,3
923,5,3
923,6,3
924,1,2
924,2,2
924,3,2
924,4,2
924,5,2
924,6,2
925,1,2
925,2,2
925,3,3
925,4,2
925,5,2
925,6,2
926,1,1
926,2,1
926,3,1
926,4,2
926,5,2
926,6,1
927,1,3
927,2,3
927,3,3
927,4,3
927,5,3
927,6,2
928,1,1
928,2,1
928,3,2
928,4,1
928,5,1
928,6,1
929,1,3
929,2,3
929,3,3
929,4,2
929,5,2
929,6,2
930,1,2
930,2,1
930,3,2
930,4,1
930,5,1
930,6,1
931,1,2
931,2,2
931,3,2
931,4,1
931,5,1
931,6,1
932,1,1
932,2,1
932,3,2
932,4,1
932,5,1
932,6,1
933,1,2
933,2,2
933,3,2
933,4,3
933,5,2
933,6,2
934,1,3
934,2,3
934,3,2
934,4,1
934,5,3
934,6,2
935,1,3
935,2,2
935,3,3
935,4,2
935,5,2
935,6,2
936,1,2
936,2,1
936,3,2
936,4,2
936,5,2
936,6,2
937,1,1
937,2,2
937,3,2
937,4,2
937,5,2
937,6,1
938,1,3
938,2,3
938,3,3
938,4,3
938,5,3
938,6,3
939,1,3
939,2,3
939,3,2
939,4,2
939,5,2
939,6,2
940,1,3
940,2,3
940,3,3
940,4,2
940,5,3
940,6,3
941,1,2
941,2,1
941,3,2
941,4,2
941,5,1
941,6,1
942,1,2
942,2,2
942,3,3
942,4,2
942,5,2
942,6,2
943,1,2
943,2,2
943,3,2
943,4,2
943,5,2
943,6,2
944,1,3
944,2,3
944,3,2
944,4,2
944,5,2
944,6,2
945,1,1
945,2,1
945,3,1
945,4,1
945,5,2
945,6,1
946,1,1
946,2,1
946,3,2
946,4,1
946,5,1
946,6,1
947,1,2
947,2,1
947,3,3
947,4,2
947,5,3
947,6,2
948,1,1
948,2,2
948,3,1
948,4,2
948,5,1
948,6,1
949,1,2
949,2,1
949,3,3
949,4,3
949,5,2
949,6,2
950,1,2
950,2,2
950,3,2
950,4,2
950,5,2
950,6,2
951,1,2
951,2,3
951,3,2
951,4,2
951,5,2
951,6,2
952,1,3
952,2,4
952,3,3
952,4,3
952,5,3
952,6,3
953,1,4
953,2,3
953,3,3
953,4,3
953,5,3
953,6,2
954,1,2
954,2,3
954,3,2
954,4,3
954,5,2
954,6,2
955,1,2
955,2,2
955,3,3
955,4,2
955,5,2
955,6,2
956,1,3
956,2,3
956,3,3
956,4,2
956,5,2
956,6,2
957,1,1
957,2,1
957,3,1
957,4,1
957,5,1
957,6,1
958,1,3
958,2,4
958,3,2
958,4,3
958,5,3
958,6,2
959,1,2
959,2,3
959,3,2
959,4,2
959,5,2
959,6,2
960,1,3
960,2,2
960,3,3
960,4,3
960,5,2
960,6,2
961,1,2
961,2,2
961,3,2
961,4,2
961,5,3
961,6,2
962,1,0
962,2,1
962,3,1
962,4,1
962,5,1
962,6,1
963,1,1
963,2,1
963,3,1
963,4,1
963,5,1
963,6,1
964,1,2
964,2,1
964,3,1
964,4,1
964,5,1
964,6,1
965,1,2
965,2,2
965,3,3
965,4,2
965,5,2
965,6,2
966,1,1
966,2,1
966,3,1
966,4,1
966,5,1
966,6,1
967,1,3
967,2,3
967,3,2
967,4,2
967,5,2
967,6,2
968,1,1
968,2,2
968,3,1
968,4,2
968,5,1
968,6,1
969,1,1
969,2,1
969,3,2
969,4,1
969,5,1
969,6,1
970,1,1
970,2,1
970,3,2
970,4,2
970,5,2
970,6,2
971,1,3
971,2,3
971,3,2
971,4,3
971,5,2
971,6,3
972,1,3
972,2,2
972,3,3
972,4,2
972,5,3
972,6,2
973,1,2
973,2,1
973,3,2
973,4,1
973,5,1
973,6,1
974,1,4
974,2,4
974,3,3
974,4,2
974,5,2
974,6,3
975,1,2
975,2,1
975,3,1
975,4,2
975,5,2
975,6,1
976,1,2
976,2,2
976,3,2
976,4,2
976,5,3
976,6,2
977,1,3
977,2,3
977,3,2
977,4,2
977,5,2
977,6,2
978,1,2
978,2,2
978,3,2
978,4,2
978,5,2
978,6,2
979,1,3
979,2,2
979,3,2
979,4,2
979,5,2
979,6,2
980,1,4
980,2,4
980,3,3
980,4,3
980,5,3
980,6,3
981,1,3
981,2,4
981,3,2
981,4,2
981,5,2
981,6,2
982,1,0
982,2,1
982,3,2
982,4,2
982,5,2
982,6,1
983,1,2
983,2,1
983,3,1
983,4,2
983,5,1
983,6,1
984,1,4
984,2,4
984,3,3
984,4,3
984,5,4
984,6,3
985,1,1
985,2,1
985,3,2
985,4,1
985,5,1
985,6,1
986,1,3
986,2,3
986,3,2
986,4,3
986,5,2
986,6,2
987,1,3
987,2,2
987,3,3
987,4,3
987,5,2
987,6,2
988,1,3
988,2,3
988,3,2
988,4,2
988,5,2
988,6,2
989,1,2
989,2,2
989,3,2
989,4,2
989,5,1
989,6,2
990,1,2
990,2,2
990,3,3
990,4,3
990,5,3
990,6,2
991,1,4
991,2,3
991,3,3
991,4,3
991,5,3
991,6,3
992,1,3
992,2,3
992,3,2
992,4,2
992,5,3
992,6,3
993,1,2
993,2,3
993,3,3
993,4,3
993,5,3
993,6,3
994,1,1
994,2,1
994,3,2
994,4,2
994,5,1
994,6,1
995,1,2
995,2,1
995,3,1
995,4,1
995,5,1
995,6,1
996,1,3
996,2,4
996,3,3
996,4,2
996,5,4
996,6,2
997,1,3
997,2,2
997,3,2
997,4,3
997,5,2
997,6,2
998,1,2
998,2,2
998,3,2
998,4,2
998,5,2
998,6,2
999,1,2
999,2,2
999,3,3
999,4,2
999,5,2
999,6,2
1000,1,2
1000,2,2
1000,3,2
1000,4,3
1000,5,2
1000,6,1
1001,1,2
1001,2,2
1001,3,3
1001,4,3
1001,5,3
1001,6,2
1002,1,1
1002,2,1
1002,3,2
1002,4,2
1002,5,2
1002,6,1
1003,1,2
1003,2,1
1003,3,2
1003,4,2
1003,5,2
1003,6,1
1004,1,3
1004,2,3
1004,3,2
1004,4,3
1004,5,2
1004,6,2
1005,1,4
1005,2,3
1005,3,3
1005,4,2
1005,5,3
1005,6,3
1006,1,3
1006,2,3
1006,3,3
1006,4,2
1006,5,2
1006,6,2
1007,1,2
1007,2,2
1007,3,2
1007,4,2
1007,5,2
1007,6,2
1008,1,3
1008,2,3
1008,3,2
1008,4,2
1008,5,3
1008,6,3
1009,1,2
1009,2,2
1009,3,2
1009,4,2
1009,5,2
1009,6,2
1010,1,1
1010,2,1
1010,3,2
1010,4,1
1010,5,1
1010,6,1
1011,1,1
1011,2,2
1011,3,2
1011,4,2
1011,5,1
1011,6,1
1012,1,2
1012,2,3
1012,3,3
1012,4,3
1012,5,3
1012,6,3
1013,1,3
1013,2,3
1013,3,3
1013,4,3
1013,5,3
1013,6,3
1014,1,4
1014,2,4
1014,3,3
1014,4,3
1014,5,3
1014,6,3
1015,1,3
1015,2,4
1015,3,3
1015,4,3
1015,5,2
1015,6,2
1016,1,1
1016,2,1
1016,3,2
1016,4,2
1016,5,2
1016,6,1
1017,1,1
1017,2,2
1017,3,2
1017,4,2
1017,5,2
1017,6,1
1018,1,3
1018,2,3
1018,3,3
1018,4,2
1018,5,3
1018,6,2
1019,1,0
1019,2,1
1019,3,1
1019,4,1
1019,5,1
1019,6,1
1020,1,3
1020,2,3
1020,3,2
1020,4,3
1020,5,2
1020,6,2
1021,1,2
1021,2,3
1021,3,3
1021,4,2
1021,5,3
1021,6,2
1022,1,3
1022,2,3
1022,3,3
1022,4,3
1022,5,2
1022,6,3
1023,1,1
1023,2,2
1023,3,2
1023,4,2
1023,5,1
1023,6,1
1024,1,1
1024,2,2
1024,3,2
1024,4,2
1024,5,2
1024,6,1
1025,1,3
1025,2,2
1025,3,2
1025,4,2
1025,5,1
1025,6,2
1026,1,3
1026,2,3
1026,3,3
1026,4,2
1026,5,2
1026,6,2
1027,1,1
1027,2,2
1027,3,2
1027,4,2
1027,5,2
1027,6,2
1028,1,2
1028,2,0
1028,3,2
1028,4,2
1028,5,1
1028,6,1
1029,1,3
1029,2,2
1029,3,2
1029,4,2
1029,5,2
1029,6,2
1030,1,4
1030,2,3
1030,3,3
1030,4,3
1030,5,3
1030,6,3
1031,1,2
1031,2,2
1031,3,2
1031,4,2
1031,5,2
1031,6,2
1032,1,2
1032,2,2
1032,3,2
1032,4,2
1032,5,2
1032,6,2
1033,1,3
1033,2,2
1033,3,1
1033,4,2
1033,5,2
1033,6,2
1034,1,2
1034,2,2
1034,3,3
1034,4,3
1034,5,2
1034,6,2
1035,1,2
1035,2,2
1035,3,1
1035,4,1
1035,5,1
1035,6,1
1036,1,1
1036,2,2
1036,3,2
1036,4,1
1036,5,1
1036,6,1
1037,1,3
1037,2,4
1037,3,3
1037,4,3
1037,5,3
1037,6,3
1038,1,2
1038,2,2
1038,3,3
1038,4,2
1038,5,3
1038,6,2
1039,1,2
1039,2,3
1039,3,2
1039,4,2
1039,5,2
1039,6,2
1040,1,4
1040,2,2
1040,3,3
1040,4,3
1040,5,3
1040,6,3
1041,1,3
1041,2,3
1041,3,2
1041,4,2
1041,5,2
1041,6,2
1042,1,1
1042,2,1
1042,3,1
1042,4,1
1042,5,1
1042,6,1
1043,1,3
1043,2,3
1043,3,3
1043,4,3
1043,5,2
1043,6,2
1044,1,1
1044,2,1
1044,3,1
1044,4,1
1044,5,1
1044,6,1
1045,1,2
1045,2,2
1045,3,3
1045,4,2
1045,5,2
1045,6,2
1046,1,3
1046,2,2
1046,3,2
1046,4,3
1046,5,3
1046,6,3
1047,1,1
1047,2,2
1047,3,2
1047,4,3
1047,5,2
1047,6,2
1048,1,3
1048,2,3
1048,3,2
1048,4,2
1048,5,3
1048,6,2
1049,1,0
1049,2,2
1049,3,2
1049,4,2
1049,5,2
1049,6,2
1050,1,1
1050,2,1
1050,3,2
1050,4,2
1050,5,1
1050,6,1
1051,1,2
1051,2,2
1051,3,2
1051,4,2
1051,5,2
1051,6,2
1052,1,2
1052,2,3
1052,3,2
1052,4,2
1052,5,2
1052,6,2
1053,1,2
1053,2,3
1053,3,2
1053,4,2
1053,5,2
1053,6,2
1054,1,0
1054,2,0
1054,3,0
1054,4,0
1054,5,0
1054,6,0
1055,1,4
1055,2,4
1055,3,2
1055,4,2
1055,5,2
1055,6,2
1056,1,3
1056,2,2
1056,3,2
1056,4,2
1056,5,2
1056,6,2
1057,1,2
1057,2,1
1057,3,2
1057,4,1
1057,5,2
1057,6,2
1058,1,2
1058,2,2
1058,3,2
1058,4,3
1058,5,3
1058,6,2
1059,1,1
1059,2,1
1059,3,2
1059,4,1
1059,5,1
1059,6,1
1060,1,2
1060,2,2
1060,3,3
1060,4,2
1060,5,2
1060,6,2
1061,1,2
1061,2,2
1061,3,3
1061,4,2
1061,5,1
1061,6,1
1062,1,2
1062,2,2
1062,3,2
1062,4,2
1062,5,2
1062,6,2
1063,1,2
1063,2,2
1063,3,2
1063,4,2
1063,5,2
1063,6,2
1064,1,2
1064,2,2
1064,3,2
1064,4,2
1064,5,2
1064,6,2
1065,1,4
1065,2,4
1065,3,3
1065,4,3
1065,5,3
1065,6,4
1066,1,2
1066,2,3
1066,3,2
1066,4,2
1066,5,2
1066,6,2
1067,1,3
1067,2,2
1067,3,3
1067,4,3
1067,5,3
1067,6,3
1068,1,2
1068,2,2
1068,3,2
1068,4,2
1068,5,2
1068,6,2
1069,1,2
1069,2,2
1069,3,2
1069,4,2
1069,5,2
1069,6,2
1070,1,2
1070,2,2
1070,3,2
1070,4,2
1070,5,2
1070,6,2
1071,1,2
1071,2,2
1071,3,2
1071,4,2
1071,5,2
1071,6,1
1072,1,2
1072,2,2
1072,3,2
1072,4,2
1072,5,2
1072,6,2
1073,1,2
1073,2,1
1073,3,2
1073,4,2
1073,5,2
1073,6,2
1074,1,1
1074,2,2
1074,3,2
1074,4,2
1074,5,2
1074,6,1
1075,1,1
1075,2,1
1075,3,1
1075,4,2
1075,5,2
1075,6,1
1076,1,1
1076,2,1
1076,3,2
1076,4,2
1076,5,2
1076,6,1
1077,1,2
1077,2,2
1077,3,2
1077,4,2
1077,5,2
1077,6,2
1078,1,1
1078,2,1
1078,3,2
1078,4,2
1078,5,2
1078,6,1
1079,1,3
1079,2,3
1079,3,1
1079,4,2
1079,5,1
1079,6,1
1080,1,0
1080,2,0
1080,3,0
1080,4,1
1080,5,0
1080,6,1
1081,1,3
1081,2,2
1081,3,3
1081,4,3
1081,5,3
1081,6,2
1082,1,3
1082,2,3
1082,3,2
1082,4,2
1082,5,3
1082,6,3
1083,1,4
1083,2,4
1083,3,3
1083,4,3
1083,5,3
1083,6,3
1084,1,3
1084,2,2
1084,3,2
1084,4,2
1084,5,2
1084,6,2
1085,1,4
1085,2,3
1085,3,3
1085,4,3
1085,5,2
1085,6,2
1086,1,2
1086,2,2
1086,3,2
1086,4,2
1086,5,2
1086,6,2
1087,1,2
1087,2,1
1087,3,2
1087,4,2
1087,5,2
1087,6,2
1088,1,1
1088,2,1
1088,3,2
1088,4,1
1088,5,1
1088,6,1
1089,1,3
1089,2,2
1089,3,2
1089,4,3
1089,5,2
1089,6,2
1090,1,3
1090,2,2
1090,3,2
1090,4,2
1090,5,3
1090,6,2
1091,1,4
1091,2,4
1091,3,3
1091,4,3
1091,5,4
1091,6,3
1092,1,2
1092,2,3
1092,3,3
1092,4,3
1092,5,2
1092,6,3
1093,1,3
1093,2,4
1093,3,3
1093,4,3
1093,5,3
1093,6,3
1094,1,3
1094,2,3
1094,3,3
1094,4,3
1094,5,3
1094,6,3
1095,1,0
1095,2,1
1095,3,0
1095,4,1
1095,5,0
1095,6,0
1096,1,1
1096,2,1
1096,3,2
1096,4,2
1096,5,2
1096,6,2
1097,1,2
1097,2,1
1097,3,2
1097,4,1
1097,5,2
1097,6,1
1098,1,4
1098,2,3
1098,3,2
1098,4,2
1098,5,2
1098,6,2
1099,1,3
1099,2,2
1099,3,2
1099,4,2
1099,5,2
1099,6,2
1100,1,2
1100,2,1
1100,3,2
1100,4,2
1100,5,1
1100,6,1
1101,1,1
1101,2,1
1101,3,1
1101,4,2
1101,5,1
1101,6,1
1102,1,2
1102,2,2
1102,3,2
1102,4,2
1102,5,2
1102,6,2
1103,1,2
1103,2,2
1103,3,2
1103,4,2
1103,5,2
1103,6,2
1104,1,2
1104,2,3
1104,3,2
1104,4,2
1104,5,2
1104,6,2
1105,1,3
1105,2,3
1105,3,3
1105,4,2
1105,5,3
1105,6,3
1106,1,1
1106,2,1
1106,3,2
1106,4,2
1106,5,1
1106,6,1
1107,1,1
1107,2,1
1107,3,2
1107,4,2
1107,5,1
1107,6,1
1108,1,2
1108,2,2
1108,3,1
1108,4,2
1108,5,1
1108,6,1
1109,1,3
1109,2,2
1109,3,1
1109,4,1
1109,5,2
1109,6,2
1110,1,2
1110,2,2
1110,3,2
1110,4,2
1110,5,2
1110,6,1
1111,1,3
1111,2,1
1111,3,2
1111,4,2
1111,5,2
1111,6,2
1112,1,3
1112,2,3
1112,3,2
1112,4,2
1112,5,2
1112,6,2
1113,1,0
1113,2,0
1113,3,1
1113,4,1
1113,5,0
1113,6,1
1114,1,2
1114,2,1
1114,3,2
1114,4,1
1114,5,2
1114,6,1
1115,1,4
1115,2,3
1115,3,3
1115,4,3
1115,5,3
1115,6,3
1116,1,0
1116,2,0
1116,3,1
1116,4,1
1116,5,0
1116,6,0
1117,1,3
1117,2,2
1117,3,3
1117,4,3
1117,5,3
1117,6,3
1118,1,1
1118,2,1
1118,3,1
1118,4,2
1118,5,1
1118,6,1
1119,1,2
1119,2,2
1119,3,2
1119,4,2
1119,5,1
1119,6,2
1120,1,2
1120,2,1
1120,3,2
1120,4,2
1120,5,1
1120,6,1
1121,1,2
1121,2,2
1121,3,2
1121,4,2
1121,5,2
1121,6,2
1122,1,2
1122,2,2
1122,3,2
1122,4,2
1122,5,2
1122,6,2
1123,1,2
1123,2,2
1123,3,3
1123,4,3
1123,5,2
1123,6,2
1124,1,1
1124,2,1
1124,3,1
1124,4,1
1124,5,1
1124,6,1
1125,1,3
1125,2,3
1125,3,2
1125,4,2
1125,5,2
1125,6,2
1126,1,2
1126,2,2
1126,3,2
1126,4,2
1126,5,2
1126,6,1
1127,1,1
1127,2,1
1127,3,1
1127,4,1
1127,5,0
1127,6,1
1128,1,3
1128,2,3
1128,3,3
1128,4,3
1128,5,3
1128,6,3
1129,1,2
1129,2,1
1129,3,2
1129,4,2
1129,5,1
1129,6,1
1130,1,2
1130,2,2
1130,3,2
1130,4,2
1130,5,2
1130,6,2
1131,1,2
1131,2,3
1131,3,3
1131,4,2
1131,5,2
1131,6,2
1132,1,3
1132,2,4
1132,3,3
1132,4,3
1132,5,3
1132,6,2
1133,1,3
1133,2,3
1133,3,2
1133,4,2
1133,5,2
1133,6,2
1134,1,1
1134,2,2
1134,3,2
1134,4,2
1134,5,1
1134,6,1
1135,1,3
1135,2,3
1135,3,3
1135,4,2
1135,5,2
1135,6,2
1136,1,1
1136,2,2
1136,3,2
1136,4,2
1136,5,2
1136,6,1
1137,1,2
1137,2,3
1137,3,2
1137,4,3
1137,5,2
1137,6,2
1138,1,3
1138,2,3
1138,3,2
1138,4,2
1138,5,2
1138,6,2
1139,1,3
1139,2,2
1139,3,2
1139,4,2
1139,5,2
1139,6,2
1140,1,3
1140,2,3
1140,3,2
1140,4,2
1140,5,2
1140,6,2
1141,1,0
1141,2,1
1141,3,1
1141,4,2
1141,5,1
1141,6,1
1142,1,4
1142,2,4
1142,3,3
1142,4,3
1142,5,4
1142,6,4
1143,1,1
1143,2,1
1143,3,1
1143,4,2
1143,5,1
1143,6,1
1144,1,2
1144,2,4
1144,3,2
1144,4,2
1144,5,1
1144,6,1
1145,1,2
1145,2,2
1145,3,2
1145,4,2
1145,5,2
1145,6,2
1146,1,4
1146,2,4
1146,3,3
1146,4,3
1146,5,3
1146,6,3
1147,1,2
1147,2,3
1147,3,3
1147,4,3
1147,5,2
1147,6,2
1148,1,2
1148,2,1
1148,3,2
1148,4,2
1148,5,1
1148,6,1
1149,1,3
1149,2,3
1149,3,3
1149,4,2
1149,5,3
1149,6,2
1150,1,1
1150,2,1
1150,3,1
1150,4,1
1150,5,1
1150,6,1
1151,1,2
1151,2,2
1151,3,3
1151,4,2
1151,5,2
1151,6,2
1152,1,2
1152,2,2
1152,3,2
1152,4,2
1152,5,3
1152,6,2
1153,1,1
1153,2,2
1153,3,2
1153,4,2
1153,5,2
1153,6,2
1154,1,4
1154,2,4
1154,3,3
1154,4,3
1154,5,3
1154,6,3
1155,1,4
1155,2,4
1155,3,3
1155,4,3
1155,5,4
1155,6,4
1156,1,2
1156,2,2
1156,3,2
1156,4,2
1156,5,3
1156,6,2
1157,1,2
1157,2,2
1157,3,3
1157,4,3
1157,5,3
1157,6,2
1158,1,3
1158,2,2
1158,3,2
1158,4,2
1158,5,2
1158,6,2
1159,1,3
1159,2,4
1159,3,3
1159,4,3
1159,5,3
1159,6,3
1160,1,3
1160,2,3
1160,3,3
1160,4,3
1160,5,3
1160,6,3
1161,1,4
1161,2,4
1161,3,3
1161,4,3
1161,5,3
1161,6,3
1162,1,2
1162,2,2
1162,3,2
1162,4,2
1162,5,2
1162,6,2
1163,1,3
1163,2,4
1163,3,3
1163,4,3
1163,5,2
1163,6,2
1164,1,3
1164,2,3
1164,3,3
1164,4,2
1164,5,2
1164,6,2
1165,1,4
1165,2,3
1165,3,3
1165,4,3
1165,5,4
1165,6,3
1166,1,4
1166,2,4
1166,3,3
1166,4,3
1166,5,2
1166,6,2
1167,1,2
1167,2,3
1167,3,2
1167,4,2
1167,5,2
1167,6,2
1168,1,2
1168,2,2
1168,3,3
1168,4,2
1168,5,1
1168,6,2
1169,1,1
1169,2,2
1169,3,2
1169,4,1
1169,5,2
1169,6,1
1170,1,2
1170,2,1
1170,3,2
1170,4,2
1170,5,2
1170,6,2
1171,1,2
1171,2,2
1171,3,3
1171,4,3
1171,5,2
1171,6,2
1172,1,2
1172,2,3
1172,3,2
1172,4,3
1172,5,3
1172,6,2
1173,1,2
1173,2,2
1173,3,2
1173,4,2
1173,5,3
1173,6,2
1174,1,3
1174,2,3
1174,3,3
1174,4,3
1174,5,3
1174,6,3
1175,1,1
1175,2,1
1175,3,1
1175,4,1
1175,5,1
1175,6,1
1176,1,2
1176,2,2
1176,3,1
1176,4,3
1176,5,2
1176,6,2
1177,1,1
1177,2,2
1177,3,2
1177,4,1
1177,5,1
1177,6,2
1178,1,4
1178,2,3
1178,3,3
1178,4,3
1178,5,3
1178,6,3
1179,1,1
1179,2,1
1179,3,2
1179,4,1
1179,5,2
1179,6,1
1180,1,0
1180,2,0
1180,3,1
1180,4,2
1180,5,1
1180,6,1
1181,1,2
1181,2,2
1181,3,3
1181,4,2
1181,5,2
1181,6,2
1182,1,2
1182,2,3
1182,3,2
1182,4,2
1182,5,1
1182,6,2
1183,1,3
1183,2,3
1183,3,3
1183,4,3
1183,5,3
1183,6,2
1184,1,1
1184,2,1
1184,3,1
1184,4,2
1184,5,1
1184,6,1
1185,1,1
1185,2,1
1185,3,2
1185,4,1
1185,5,1
1185,6,1
1186,1,3
1186,2,3
1186,3,2
1186,4,2
1186,5,2
1186,6,1
1187,1,2
1187,2,3
1187,3,3
1187,4,3
1187,5,2
1187,6,2
1188,1,2
1188,2,2
1188,3,2
1188,4,2
1188,5,3
1188,6,2
1189,1,2
1189,2,2
1189,3,2
1189,4,3
1189,5,3
1189,6,2
1190,1,2
1190,2,3
1190,3,3
1190,4,2
1190,5,3
1190,6,3
1191,1,0
1191,2,0
1191,3,1
1191,4,1
1191,5,1
1191,6,1
1192,1,4
1192,2,4
1192,3,3
1192,4,3
1192,5,3
1192,6,3
1193,1,4
1193,2,4
1193,3,3
1193,4,3
1193,5,3
1193,6,3
1194,1,3
1194,2,3
1194,3,3
1194,4,3
1194,5,3
1194,6,2
1195,1,3
1195,2,3
1195,3,3
1195,4,3
1195,5,2
1195,6,2
1196,1,4
1196,2,3
1196,3,3
1196,4,3
1196,5,3
1196,6,2
1197,1,3
1197,2,2
1197,3,2
1197,4,2
1197,5,2
1197,6,2
1198,1,2
1198,2,3
1198,3,2
1198,4,2
1198,5,2
1198,6,2
1199,1,2
1199,2,2
1199,3,2
1199,4,2
1199,5,2
1199,6,1
1200,1,1
1200,2,2
1200,3,2
1200,4,1
1200,5,2
1200,6,1
1201,1,3
1201,2,3
1201,3,2
1201,4,2
1201,5,2
1201,6,2
1202,1,3
1202,2,3
1202,3,3
1202,4,3
1202,5,3
1202,6,3
1203,1,2
1203,2,1
1203,3,2
1203,4,2
1203,5,3
1203,6,2
1204,1,3
1204,2,3
1204,3,3
1204,4,2
1204,5,3
1204,6,2
1205,1,1
1205,2,2
1205,3,2
1205,4,2
1205,5,2
1205,6,2
1206,1,1
1206,2,1
1206,3,2
1206,4,2
1206,5,2
1206,6,1
1207,1,1
1207,2,1
1207,3,1
1207,4,1
1207,5,0
1207,6,1
1208,1,2
1208,2,2
1208,3,3
1208,4,3
1208,5,3
1208,6,2
1209,1,3
1209,2,3
1209,3,3
1209,4,3
1209,5,2
1209,6,2
1210,1,4
1210,2,2
1210,3,3
1210,4,2
1210,5,3
1210,6,3
1211,1,2
1211,2,3
1211,3,3
1211,4,2
1211,5,3
1211,6,2
1212,1,3
1212,2,2
1212,3,3
1212,4,3
1212,5,3
1212,6,2
1213,1,2
1213,2,2
1213,3,3
1213,4,3
1213,5,3
1213,6,2
1214,1,2
1214,2,1
1214,3,3
1214,4,3
1214,5,2
1214,6,2
1215,1,4
1215,2,4
1215,3,3
1215,4,3
1215,5,3
1215,6,3
1216,1,1
1216,2,1
1216,3,1
1216,4,1
1216,5,1
1216,6,1
1217,1,3
1217,2,4
1217,3,3
1217,4,2
1217,5,2
1217,6,2
1218,1,1
1218,2,2
1218,3,1
1218,4,2
1218,5,1
1218,6,1
1219,1,3
1219,2,3
1219,3,2
1219,4,2
1219,5,2
1219,6,2
1220,1,2
1220,2,3
1220,3,2
1220,4,3
1220,5,3
1220,6,2
1221,1,4
1221,2,4
1221,3,3
1221,4,3
1221,5,3
1221,6,3
1222,1,2
1222,2,2
1222,3,3
1222,4,3
1222,5,2
1222,6,2
1223,1,2
1223,2,2
1223,3,2
1223,4,2
1223,5,1
1223,6,1
1224,1,3
1224,2,3
1224,3,2
1224,4,3
1224,5,3
1224,6,2
1225,1,3
1225,2,4
1225,3,3
1225,4,2
1225,5,3
1225,6,2
1226,1,2
1226,2,2
1226,3,3
1226,4,3
1226,5,3
1226,6,3
1227,1,2
1227,2,2
1227,3,2
1227,4,2
1227,5,2
1227,6,2
1228,1,3
1228,2,3
1228,3,3
1228,4,3
1228,5,2
1228,6,2
1229,1,2
1229,2,2
1229,3,2
1229,4,2
1229,5,2
1229,6,2
1230,1,4
1230,2,3
1230,3,3
1230,4,3
1230,5,2
1230,6,2
1231,1,3
1231,2,4
1231,3,2
1231,4,2
1231,5,3
1231,6,2
1232,1,1
1232,2,2
1232,3,2
1232,4,2
1232,5,2
1232,6,2
1233,1,1
1233,2,2
1233,3,2
1233,4,1
1233,5,2
1233,6,2
1234,1,2
1234,2,2
1234,3,2
1234,4,2
1234,5,2
1234,6,2
1235,1,1
1235,2,1
1235,3,1
1235,4,1
1235,5,2
1235,6,1
1236,1,2
1236,2,1
1236,3,2
1236,4,2
1236,5,2
1236,6,2
1237,1,1
1237,2,1
1237,3,2
1237,4,2
1237,5,2
1237,6,1
1238,1,2
1238,2,2
1238,3,2
1238,4,2
1238,5,2
1238,6,2
1239,1,1
1239,2,1
1239,3,1
1239,4,1
1239,5,1
1239,6,1
1240,1,0
1240,2,0
1240,3,1
1240,4,1
1240,5,0
1240,6,1
1241,1,0
1241,2,1
1241,3,2
1241,4,2
1241,5,0
1241,6,1
1242,1,2
1242,2,2
1242,3,3
1242,4,2
1242,5,2
1242,6,2
1243,1,1
1243,2,2
1243,3,2
1243,4,2
1243,5,2
1243,6,2
1244,1,2
1244,2,2
1244,3,2
1244,4,2
1244,5,3
1244,6,2
1245,1,4
1245,2,4
1245,3,3
1245,4,3
1245,5,3
1245,6,3
1246,1,1
1246,2,2
1246,3,2
1246,4,2
1246,5,2
1246,6,1
1247,1,3
1247,2,3
1247,3,3
1247,4,2
1247,5,2
1247,6,2
1248,1,3
1248,2,3
1248,3,3
1248,4,3
1248,5,3
1248,6,3
1249,1,2
1249,2,3
1249,3,2
1249,4,1
1249,5,2
1249,6,2
1250,1,2
1250,2,2
1250,3,3
1250,4,2
1250,5,3
1250,6,3
1251,1,1
1251,2,1
1251,3,1
1251,4,1
1251,5,0
1251,6,1
1252,1,3
1252,2,3
1252,3,3
1252,4,3
1252,5,3
1252,6,2
1253,1,4
1253,2,4
1253,3,3
1253,4,3
1253,5,4
1253,6,3
1254,1,4
1254,2,4
1254,3,2
1254,4,3
1254,5,3
1254,6,3
1255,1,4
1255,2,4
1255,3,3
1255,4,3
1255,5,3
1255,6,3
1256,1,1
1256,2,0
1256,3,0
1256,4,1
1256,5,0
1256,6,1
1257,1,3
1257,2,4
1257,3,3
1257,4,3
1257,5,2
1257,6,2
1258,1,3
1258,2,2
1258,3,3
1258,4,3
1258,5,3
1258,6,2
1259,1,2
1259,2,2
1259,3,3
1259,4,2
1259,5,2
1259,6,2
1260,1,3
1260,2,2
1260,3,3
1260,4,3
1260,5,3
1260,6,2
1261,1,2
1261,2,2
1261,3,3
1261,4,3
1261,5,2
1261,6,2
1262,1,1
1262,2,1
1262,3,2
1262,4,2
1262,5,1
1262,6,1
1263,1,2
1263,2,3
1263,3,2
1263,4,2
1263,5,2
1263,6,2
1264,1,4
1264,2,3
1264,3,2
1264,4,2
1264,5,2
1264,6,2
1265,1,2
1265,2,2
1265,3,2
1265,4,2
1265,5,2
1265,6,1
1266,1,1
1266,2,1
1266,3,2
1266,4,2
1266,5,2
1266,6,1
1267,1,4
1267,2,4
1267,3,3
1267,4,3
1267,5,3
1267,6,3
1268,1,1
1268,2,2
1268,3,2
1268,4,1
1268,5,1
1268,6,1
1269,1,1
1269,2,1
1269,3,2
1269,4,1
1269,5,2
1269,6,1
1270,1,2
1270,2,2
1270,3,2
1270,4,3
1270,5,1
1270,6,1
1271,1,1
1271,2,1
1271,3,2
1271,4,1
1271,5,2
1271,6,1
1272,1,0
1272,2,0
1272,3,1
1272,4,0
1272,5,1
1272,6,0
1273,1,4
1273,2,3
1273,3,2
1273,4,2
1273,5,2
1273,6,2
1274,1,2
1274,2,2
1274,3,2
1274,4,3
1274,5,2
1274,6,2
1275,1,1
1275,2,1
1275,3,2
1275,4,1
1275,5,1
1275,6,2
1276,1,2
1276,2,2
1276,3,2
1276,4,2
1276,5,2
1276,6,2
1277,1,2
1277,2,3
1277,3,3
1277,4,3
1277,5,2
1277,6,2
1278,1,2
1278,2,2
1278,3,2
1278,4,3
1278,5,2
1278,6,2
1279,1,1
1279,2,2
1279,3,2
1279,4,2
1279,5,2
1279,6,2
1280,1,3
1280,2,2
1280,3,2
1280,4,2
1280,5,3
1280,6,2
1281,1,2
1281,2,3
1281,3,2
1281,4,2
1281,5,2
1281,6,2
1282,1,2
1282,2,2
1282,3,3
1282,4,3
1282,5,2
1282,6,3
1283,1,1
1283,2,1
1283,3,2
1283,4,1
1283,5,2
1283,6,1
1284,1,2
1284,2,3
1284,3,3
1284,4,3
1284,5,3
1284,6,3
1285,1,3
1285,2,3
1285,3,2
1285,4,3
1285,5,2
1285,6,2
1286,1,2
1286,2,3
1286,3,2
1286,4,3
1286,5,2
1286,6,2
1287,1,2
1287,2,3
1287,3,3
1287,4,2
1287,5,3
1287,6,3
1288,1,2
1288,2,1
1288,3,1
1288,4,2
1288,5,2
1288,6,2
1289,1,3
1289,2,3
1289,3,3
1289,4,2
1289,5,2
1289,6,2
1290,1,2
1290,2,1
1290,3,2
1290,4,2
1290,5,1
1290,6,1
1291,1,1
1291,2,1
1291,3,2
1291,4,2
1291,5,2
1291,6,1
1292,1,2
1292,2,2
1292,3,2
1292,4,2
1292,5,2
1292,6,2
1293,1,1
1293,2,1
1293,3,2
1293,4,2
1293,5,1
1293,6,1
1294,1,1
1294,2,1
1294,3,1
1294,4,1
1294,5,1
1294,6,1
1295,1,3
1295,2,4
1295,3,3
1295,4,3
1295,5,3
1295,6,3
1296,1,1
1296,2,2
1296,3,2
1296,4,1
1296,5,2
1296,6,1
1297,1,3
1297,2,4
1297,3,3
1297,4,3
1297,5,2
1297,6,2
1298,1,3
1298,2,3
1298,3,3
1298,4,2
1298,5,3
1298,6,3
1299,1,2
1299,2,2
1299,3,2
1299,4,2
1299,5,2
1299,6,2
1300,1,2
1300,2,2
1300,3,2
1300,4,2
1300,5,1
1300,6,1
1301,1,1
1301,2,2
1301,3,1
1301,4,2
1301,5,2
1301,6,1
1302,1,3
1302,2,2
1302,3,2
1302,4,1
1302,5,2
1302,6,2
1303,1,4
1303,2,3
1303,3,2
1303,4,2
1303,5,3
1303,6,3
1304,1,2
1304,2,1
1304,3,2
1304,4,1
1304,5,1
1304,6,1
1305,1,2
1305,2,2
1305,3,2
1305,4,2
1305,5,2
1305,6,2
1306,1,3
1306,2,3
1306,3,3
1306,4,3
1306,5,3
1306,6,3
1307,1,2
1307,2,2
1307,3,3
1307,4,3
1307,5,3
1307,6,2
1308,1,2
1308,2,1
1308,3,2
1308,4,2
1308,5,2
1308,6,2
1309,1,1
1309,2,1
1309,3,1
1309,4,1
1309,5,0
1309,6,0
1310,1,2
1310,2,2
1310,3,3
1310,4,3
1310,5,3
1310,6,2
1311,1,2
1311,2,2
1311,3,2
1311,4,2
1311,5,1
1311,6,1
1312,1,4
1312,2,4
1312,3,3
1312,4,3
1312,5,3
1312,6,3
1313,1,2
1313,2,3
1313,3,3
1313,4,3
1313,5,3
1313,6,2
1314,1,1
1314,2,1
1314,3,2
1314,4,1
1314,5,1
1314,6,1
1315,1,4
1315,2,4
1315,3,3
1315,4,3
1315,5,3
1315,6,3
1316,1,0
1316,2,1
1316,3,1
1316,4,1
1316,5,1
1316,6,1
1317,1,3
1317,2,3
1317,3,3
1317,4,3
1317,5,2
1317,6,2
1318,1,4
1318,2,3
1318,3,2
1318,4,3
1318,5,3
1318,6,2
1319,1,4
1319,2,3
1319,3,3
1319,4,3
1319,5,3
1319,6,3
1320,1,3
1320,2,2
1320,3,2
1320,4,3
1320,5,3
1320,6,3
1321,1,4
1321,2,4
1321,3,3
1321,4,2
1321,5,3
1321,6,3
1322,1,2
1322,2,1
1322,3,2
1322,4,2
1322,5,2
1322,6,2
1323,1,3
1323,2,3
1323,3,2
1323,4,2
1323,5,2
1323,6,2
1324,1,2
1324,2,3
1324,3,2
1324,4,3
1324,5,2
1324,6,2
1325,1,2
1325,2,2
1325,3,2
1325,4,3
1325,5,2
1325,6,3
1326,1,1
1326,2,2
1326,3,2
1326,4,2
1326,5,1
1326,6,1
1327,1,3
1327,2,4
1327,3,2
1327,4,2
1327,5,3
1327,6,3
1328,1,1
1328,2,1
1328,3,2
1328,4,2
1328,5,1
1328,6,1
1329,1,2
1329,2,3
1329,3,3
1329,4,3
1329,5,2
1329,6,2
1330,1,3
1330,2,3
1330,3,2
1330,4,3
1330,5,3
1330,6,2
1331,1,1
1331,2,1
1331,3,1
1331,4,1
1331,5,1
1331,6,1
1332,1,3
1332,2,3
1332,3,2
1332,4,2
1332,5,2
1332,6,2
1333,1,1
1333,2,2
1333,3,1
1333,4,1
1333,5,1
1333,6,1
1334,1,2
1334,2,3
1334,3,2
1334,4,2
1334,5,2
1334,6,2
1335,1,2
1335,2,2
1335,3,2
1335,4,2
1335,5,2
1335,6,1
1336,1,0
1336,2,1
1336,3,1
1336,4,0
1336,5,0
1336,6,0
1337,1,4
1337,2,4
1337,3,3
1337,4,3
1337,5,3
1337,6,3
1338,1,1
1338,2,1
1338,3,2
1338,4,2
1338,5,2
1338,6,2
1339,1,1
1339,2,2
1339,3,1
1339,4,1
1339,5,1
1339,6,1
1340,1,3
1340,2,3
1340,3,3
1340,4,2
1340,5,2
1340,6,2
1341,1,1
1341,2,1
1341,3,1
1341,4,2
1341,5,2
1341,6,1
1342,1,2
1342,2,1
1342,3,2
1342,4,2
1342,5,2
1342,6,2
1343,1,4
1343,2,4
1343,3,3
1343,4,3
1343,5,3
1343,6,3
1344,1,2
1344,2,3
1344,3,2
1344,4,3
1344,5,3
1344,6,2
1345,1,1
1345,2,2
1345,3,2
1345,4,2
1345,5,2
1345,6,2
1346,1,3
1346,2,2
1346,3,3
1346,4,2
1346,5,2
1346,6,2
1347,1,2
1347,2,2
1347,3,1
1347,4,1
1347,5,2
1347,6,1
1348,1,1
1348,2,1
1348,3,1
1348,4,1
1348,5,1
1348,6,1
1349,1,3
1349,2,3
1349,3,3
1349,4,3
1349,5,3
1349,6,2
1350,1,2
1350,2,2
1350,3,2
1350,4,3
1350,5,2
1350,6,2
1351,1,2
1351,2,3
1351,3,2
1351,4,2
1351,5,2
1351,6,2
1352,1,3
1352,2,3
1352,3,2
1352,4,2
1352,5,2
1352,6,2
1353,1,2
1353,2,3
1353,3,3
1353,4,3
1353,5,3
1353,6,3
1354,1,3
1354,2,2
1354,3,2
1354,4,2
1354,5,2
1354,6,2
1355,1,2
1355,2,3
1355,3,2
1355,4,2
1355,5,3
1355,6,2
1356,1,2
1356,2,2
1356,3,2
1356,4,2
1356,5,2
1356,6,2
1357,1,3
1357,2,3
1357,3,2
1357,4,1
1357,5,2
1357,6,1
1358,1,2
1358,2,2
1358,3,2
1358,4,2
1358,5,2
1358,6,2
1359,1,1
1359,2,1
1359,3,1
1359,4,1
1359,5,0
1359,6,1
1360,1,2
1360,2,2
1360,3,2
1360,4,2
1360,5,2
1360,6,2
1361,1,4
1361,2,3
1361,3,2
1361,4,2
1361,5,2
1361,6,2
1362,1,2
1362,2,1
1362,3,2
1362,4,2
1362,5,1
1362,6,1
1363,1,3
1363,2,3
1363,3,3
1363,4,3
1363,5,2
1363,6,2
1364,1,2
1364,2,2
1364,3,2
1364,4,2
1364,5,2
1364,6,2
1365,1,4
1365,2,4
1365,3,3
1365,4,3
1365,5,3
1365,6,3
1366,1,2
1366,2,2
1366,3,3
1366,4,3
1366,5,2
1366,6,2
1367,1,2
1367,2,2
1367,3,3
1367,4,2
1367,5,3
1367,6,2
1368,1,4
1368,2,4
1368,3,3
1368,4,3
1368,5,3
1368,6,3
1369,1,2
1369,2,3
1369,3,3
1369,4,3
1369,5,3
1369,6,2
1370,1,4
1370,2,4
1370,3,3
1370,4,3
1370,5,3
1370,6,2
1371,1,3
1371,2,2
1371,3,2
1371,4,2
1371,5,2
1371,6,2
1372,1,2
1372,2,2
1372,3,3
1372,4,2
1372,5,2
1372,6,2
1373,1,3
1373,2,2
1373,3,2
1373,4,2
1373,5,2
1373,6,2
1374,1,3
1374,2,3
1374,3,3
1374,4,2
1374,5,3
1374,6,3
1375,1,0
1375,2,1
1375,3,1
1375,4,1
1375,5,1
1375,6,1
1376,1,1
1376,2,1
1376,3,1
1376,4,2
1376,5,2
1376,6,1
1377,1,4
1377,2,4
1377,3,2
1377,4,2
1377,5,2
1377,6,2
1378,1,3
1378,2,2
1378,3,2
1378,4,2
1378,5,2
1378,6,2
1379,1,2
1379,2,2
1379,3,2
1379,4,2
1379,5,2
1379,6,2
1380,1,4
1380,2,3
1380,3,3
1380,4,3
1380,5,2
1380,6,2
1381,1,3
1381,2,3
1381,3,2
1381,4,3
1381,5,2
1381,6,2
1382,1,3
1382,2,2
1382,3,3
1382,4,3
1382,5,2
1382,6,3
1383,1,2
1383,2,2
1383,3,2
1383,4,1
1383,5,2
1383,6,1
1384,1,3
1384,2,2
1384,3,2
1384,4,2
1384,5,1
1384,6,2
1385,1,3
1385,2,3
1385,3,3
1385,4,3
1385,5,3
1385,6,3
1386,1,3
1386,2,3
1386,3,2
1386,4,3
1386,5,2
1386,6,2
1387,1,4
1387,2,3
1387,3,3
1387,4,2
1387,5,2
1387,6,2
1388,1,0
1388,2,0
1388,3,1
1388,4,1
1388,5,0
1388,6,1
1389,1,4
1389,2,3
1389,3,3
1389,4,3
1389,5,3
1389,6,3
1390,1,1
1390,2,2
1390,3,3
1390,4,3
1390,5,3
1390,6,2
1391,1,3
1391,2,3
1391,3,2
1391,4,3
1391,5,2
1391,6,2
1392,1,2
1392,2,2
1392,3,3
1392,4,2
1392,5,2
1392,6,2
1393,1,2
1393,2,3
1393,3,2
1393,4,2
1393,5,2
1393,6,2
1394,1,1
1394,2,1
1394,3,2
1394,4,2
1394,5,1
1394,6,1
1395,1,3
1395,2,3
1395,3,2
1395,4,2
1395,5,2
1395,6,3
1396,1,1
1396,2,2
1396,3,2
1396,4,2
1396,5,2
1396,6,2
1397,1,1
1397,2,2
1397,3,2
1397,4,2
1397,5,2
1397,6,2
1398,1,1
1398,2,2
1398,3,1
1398,4,1
1398,5,0
1398,6,1
1399,1,2
1399,2,2
1399,3,3
1399,4,2
1399,5,2
1399,6,2
1400,1,3
1400,2,3
1400,3,2
1400,4,1
1400,5,2
1400,6,2
1401,1,3
1401,2,3
1401,3,3
1401,4,3
1401,5,2
1401,6,2
1402,1,1
1402,2,2
1402,3,1
1402,4,2
1402,5,2
1402,6,1
1403,1,1
1403,2,1
1403,3,2
1403,4,1
1403,5,2
1403,6,1
1404,1,1
1404,2,3
1404,3,2
1404,4,2
1404,5,2
1404,6,2
1405,1,2
1405,2,2
1405,3,2
1405,4,2
1405,5,1
1405,6,1
1406,1,4
1406,2,4
1406,3,3
1406,4,3
1406,5,3
1406,6,2
1407,1,1
1407,2,1
1407,3,2
1407,4,2
1407,5,2
1407,6,2
1408,1,2
1408,2,3
1408,3,2
1408,4,2
1408,5,2
1408,6,2
1409,1,1
1409,2,1
1409,3,2
1409,4,2
1409,5,2
1409,6,1
1410,1,3
1410,2,3
1410,3,3
1410,4,3
1410,5,3
1410,6,3
1411,1,3
1411,2,3
1411,3,2
1411,4,2
1411,5,1
1411,6,1
1412,1,1
1412,2,1
1412,3,2
1412,4,2
1412,5,2
1412,6,1
1413,1,1
1413,2,1
1413,3,1
1413,4,1
1413,5,1
1413,6,1
1414,1,3
1414,2,3
1414,3,2
1414,4,3
1414,5,1
1414,6,2
1415,1,3
1415,2,2
1415,3,3
1415,4,3
1415,5,3
1415,6,3
1416,1,2
1416,2,2
1416,3,3
1416,4,3
1416,5,3
1416,6,3
1417,1,3
1417,2,3
1417,3,3
1417,4,3
1417,5,2
1417,6,2
1418,1,1
1418,2,0
1418,3,1
1418,4,2
1418,5,1
1418,6,1
1419,1,1
1419,2,1
1419,3,1
1419,4,1
1419,5,1
1419,6,1
1420,1,3
1420,2,3
1420,3,2
1420,4,3
1420,5,3
1420,6,3
1421,1,1
1421,2,1
1421,3,2
1421,4,2
1421,5,2
1421,6,1
1422,1,3
1422,2,3
1422,3,2
1422,4,2
1422,5,3
1422,6,2
1423,1,1
1423,2,1
1423,3,2
1423,4,2
1423,5,1
1423,6,2
1424,1,4
1424,2,4
1424,3,3
1424,4,3
1424,5,3
1424,6,3
1425,1,2
1425,2,3
1425,3,2
1425,4,2
1425,5,2
1425,6,1
1426,1,2
1426,2,2
1426,3,2
1426,4,2
1426,5,2
1426,6,2
1427,1,2
1427,2,2
1427,3,2
1427,4,2
1427,5,2
1427,6,2
1428,1,2
1428,2,2
1428,3,2
1428,4,2
1428,5,2
1428,6,2
1429,1,4
1429,2,4
1429,3,3
1429,4,2
1429,5,3
1429,6,3
1430,1,1
1430,2,3
1430,3,2
1430,4,2
1430,5,2
1430,6,2
1431,1,2
1431,2,2
1431,3,2
1431,4,3
1431,5,1
1431,6,1
1432,1,1
1432,2,1
1432,3,2
1432,4,2
1432,5,2
1432,6,2
1433,1,3
1433,2,3
1433,3,2
1433,4,3
1433,5,2
1433,6,3
1434,1,3
1434,2,4
1434,3,3
1434,4,3
1434,5,3
1434,6,2
1435,1,1
1435,2,1
1435,3,1
1435,4,1
1435,5,1
1435,6,1
1436,1,1
1436,2,2
1436,3,1
1436,4,1
1436,5,1
1436,6,1
1437,1,4
1437,2,4
1437,3,3
1437,4,2
1437,5,3
1437,6,2
1438,1,2
1438,2,3
1438,3,2
1438,4,3
1438,5,3
1438,6,2
1439,1,1
1439,2,1
1439,3,3
1439,4,2
1439,5,2
1439,6,2
1440,1,2
1440,2,2
1440,3,2
1440,4,3
1440,5,2
1440,6,2
1441,1,2
1441,2,3
1441,3,2
1441,4,1
1441,5,1
1441,6,2
1442,1,4
1442,2,4
1442,3,3
1442,4,3
1442,5,3
1442,6,3
1443,1,3
1443,2,2
1443,3,3
1443,4,3
1443,5,2
1443,6,2
1444,1,2
1444,2,2
1444,3,2
1444,4,3
1444,5,2
1444,6,2
1445,1,3
1445,2,4
1445,3,2
1445,4,2
1445,5,2
1445,6,2
1446,1,2
1446,2,2
1446,3,3
1446,4,3
1446,5,2
1446,6,3
1447,1,2
1447,2,2
1447,3,3
1447,4,3
1447,5,3
1447,6,2
1448,1,2
1448,2,0
1448,3,1
1448,4,2
1448,5,1
1448,6,1
1449,1,3
1449,2,3
1449,3,2
1449,4,2
1449,5,2
1449,6,2
1450,1,3
1450,2,3
1450,3,3
1450,4,2
1450,5,2
1450,6,2
1451,1,2
1451,2,2
1451,3,2
1451,4,2
1451,5,2
1451,6,2
1452,1,2
1452,2,2
1452,3,1
1452,4,1
1452,5,2
1452,6,1
1453,1,3
1453,2,3
1453,3,2
1453,4,3
1453,5,2
1453,6,2
1454,1,3
1454,2,3
1454,3,3
1454,4,2
1454,5,3
1454,6,3
1455,1,2
1455,2,3
1455,3,3
1455,4,3
1455,5,2
1455,6,1
1456,1,2
1456,2,3
1456,3,2
1456,4,2
1456,5,2
1456,6,2
1457,1,2
1457,2,2
1457,3,2
1457,4,2
1457,5,2
1457,6,2
1458,1,2
1458,2,2
1458,3,2
1458,4,2
1458,5,2
1458,6,2
1459,1,4
1459,2,3
1459,3,2
1459,4,2
1459,5,2
1459,6,2
1460,1,2
1460,2,4
1460,3,2
1460,4,3
1460,5,2
1460,6,2
1461,1,1
1461,2,0
1461,3,1
1461,4,1
1461,5,0
1461,6,1
1462,1,2
1462,2,2
1462,3,2
1462,4,2
1462,5,2
1462,6,2
1463,1,1
1463,2,2
1463,3,2
1463,4,2
1463,5,2
1463,6,1
1464,1,2
1464,2,3
1464,3,2
1464,4,2
1464,5,1
1464,6,2
1465,1,2
1465,2,3
1465,3,2
1465,4,2
1465,5,2
1465,6,2
1466,1,3
1466,2,3
1466,3,3
1466,4,3
1466,5,3
1466,6,2
1467,1,1
1467,2,1
1467,3,2
1467,4,2
1467,5,2
1467,6,2
1468,1,3
1468,2,3
1468,3,3
1468,4,3
1468,5,2
1468,6,3
1469,1,3
1469,2,3
1469,3,3
1469,4,3
1469,5,2
1469,6,2
1470,1,0
1470,2,0
1470,3,1
1470,4,1
1470,5,0
1470,6,1
1471,1,2
1471,2,2
1471,3,2
1471,4,2
1471,5,3
1471,6,2
1472,1,1
1472,2,2
1472,3,2
1472,4,2
1472,5,2
1472,6,1
1473,1,2
1473,2,2
1473,3,2
1473,4,2
1473,5,2
1473,6,2
1474,1,3
1474,2,3
1474,3,2
1474,4,2
1474,5,2
1474,6,2
1475,1,2
1475,2,2
1475,3,2
1475,4,3
1475,5,2
1475,6,2
1476,1,3
1476,2,2
1476,3,2
1476,4,2
1476,5,3
1476,6,2
1477,1,2
1477,2,1
1477,3,1
1477,4,2
1477,5,1
1477,6,1
1478,1,3
1478,2,3
1478,3,3
1478,4,3
1478,5,3
1478,6,3
1479,1,2
1479,2,2
1479,3,2
1479,4,3
1479,5,2
1479,6,2
1480,1,4
1480,2,3
1480,3,3
1480,4,3
1480,5,3
1480,6,3
1481,1,2
1481,2,2
1481,3,2
1481,4,3
1481,5,3
1481,6,2
1482,1,0
1482,2,1
1482,3,1
1482,4,1
1482,5,0
1482,6,0
1483,1,2
1483,2,1
1483,3,2
1483,4,2
1483,5,1
1483,6,1
1484,1,2
1484,2,2
1484,3,2
1484,4,2
1484,5,2
1484,6,1
1485,1,2
1485,2,2
1485,3,2
1485,4,2
1485,5,2
1485,6,2
1486,1,2
1486,2,2
1486,3,2
1486,4,3
1486,5,2
1486,6,2
1487,1,3
1487,2,4
1487,3,3
1487,4,3
1487,5,3
1487,6,4
1488,1,3
1488,2,3
1488,3,3
1488,4,3
1488,5,2
1488,6,2
1489,1,2
1489,2,3
1489,3,2
1489,4,2
1489,5,2
1489,6,2
1490,1,2
1490,2,2
1490,3,2
1490,4,2
1490,5,2
1490,6,2
1491,1,2
1491,2,2
1491,3,2
1491,4,2
1491,5,2
1491,6,1
1492,1,2
1492,2,2
1492,3,2
1492,4,2
1492,5,1
1492,6,2
1493,1,3
1493,2,3
1493,3,2
1493,4,3
1493,5,2
1493,6,2
1494,1,1
1494,2,1
1494,3,2
1494,4,2
1494,5,1
1494,6,1
1495,1,2
1495,2,2
1495,3,2
1495,4,2
1495,5,2
1495,6,2
1496,1,2
1496,2,2
1496,3,3
1496,4,3
1496,5,2
1496,6,2
1497,1,2
1497,2,3
1497,3,2
1497,4,2
1497,5,2
1497,6,2
1498,1,2
1498,2,2
1498,3,2
1498,4,3
1498,5,3
1498,6,2
1499,1,3
1499,2,3
1499,3,2
1499,4,2
1499,5,3
1499,6,3
1500,1,1
1500,2,1
1500,3,2
1500,4,2
1500,5,1
1500,6,1
1501,1,4
1501,2,4
1501,3,3
1501,4,3
1501,5,3
1501,6,4
1502,1,2
1502,2,2
1502,3,2
1502,4,2
1502,5,2
1502,6,2
1503,1,3
1503,2,2
1503,3,2
1503,4,3
1503,5,2
1503,6,2
1504,1,4
1504,2,4
1504,3,2
1504,4,2
1504,5,4
1504,6,3
1505,1,3
1505,2,2
1505,3,2
1505,4,2
1505,5,2
1505,6,2
1506,1,1
1506,2,1
1506,3,1
1506,4,1
1506,5,1
1506,6,1
1507,1,2
1507,2,2
1507,3,2
1507,4,2
1507,5,2
1507,6,2
1508,1,4
1508,2,4
1508,3,3
1508,4,3
1508,5,4
1508,6,3
1509,1,2
1509,2,1
1509,3,2
1509,4,2
1509,5,2
1509,6,1
1510,1,1
1510,2,1
1510,3,2
1510,4,2
1510,5,2
1510,6,1
1511,1,3
1511,2,2
1511,3,3
1511,4,3
1511,5,3
1511,6,2
1512,1,2
1512,2,1
1512,3,2
1512,4,2
1512,5,2
1512,6,2
1513,1,3
1513,2,3
1513,3,3
1513,4,3
1513,5,3
1513,6,3
1514,1,1
1514,2,0
1514,3,0
1514,4,1
1514,5,0
1514,6,0
1515,1,3
1515,2,3
1515,3,2
1515,4,3
1515,5,2
1515,6,2
1516,1,2
1516,2,4
1516,3,2
1516,4,3
1516,5,2
1516,6,2
1517,1,2
1517,2,2
1517,3,2
1517,4,2
1517,5,2
1517,6,2
1518,1,3
1518,2,2
1518,3,3
1518,4,3
1518,5,3
1518,6,3
1519,1,4
1519,2,3
1519,3,3
1519,4,3
1519,5,3
1519,6,3
1520,1,3
1520,2,2
1520,3,3
1520,4,3
1520,5,3
1520,6,2
1521,1,3
1521,2,3
1521,3,3
1521,4,3
1521,5,3
1521,6,3
1522,1,2
1522,2,3
1522,3,2
1522,4,2
1522,5,2
1522,6,2
1523,1,2
1523,2,2
1523,3,1
1523,4,1
1523,5,2
1523,6,1
1524,1,1
1524,2,1
1524,3,2
1524,4,2
1524,5,2
1524,6,1
1525,1,2
1525,2,2
1525,3,2
1525,4,2
1525,5,2
1525,6,2
1526,1,1
1526,2,1
1526,3,3
1526,4,2
1526,5,2
1526,6,2
1527,1,1
1527,2,1
1527,3,2
1527,4,2
1527,5,1
1527,6,1
1528,1,2
1528,2,3
1528,3,2
1528,4,2
1528,5,2
1528,6,2
1529,1,3
1529,2,3
1529,3,3
1529,4,3
1529,5,3
1529,6,3
1530,1,2
1530,2,2
1530,3,2
1530,4,2
1530,5,2
1530,6,2
1531,1,2
1531,2,2
1531,3,3
1531,4,3
1531,5,3
1531,6,3
1532,1,2
1532,2,2
1532,3,1
1532,4,2
1532,5,1
1532,6,1
1533,1,2
1533,2,2
1533,3,2
1533,4,2
1533,5,2
1533,6,2
1534,1,2
1534,2,2
1534,3,2
1534,4,2
1534,5,2
1534,6,2
1535,1,3
1535,2,3
1535,3,3
1535,4,3
1535,5,2
1535,6,2
1536,1,2
1536,2,2
1536,3,2
1536,4,2
1536,5,2
1536,6,2
1537,1,2
1537,2,2
1537,3,3
1537,4,3
1537,5,3
1537,6,2
1538,1,3
1538,2,2
1538,3,2
1538,4,2
1538,5,2
1538,6,2
1539,1,2
1539,2,1
1539,3,2
1539,4,2
1539,5,1
1539,6,1
1540,1,1
1540,2,1
1540,3,2
1540,4,1
1540,5,2
1540,6,1
1541,1,2
1541,2,1
1541,3,1
1541,4,1
1541,5,1
1541,6,1
1542,1,1
1542,2,2
1542,3,2
1542,4,2
1542,5,2
1542,6,2
1543,1,2
1543,2,1
1543,3,2
1543,4,2
1543,5,1
1543,6,1
1544,1,0
1544,2,1
1544,3,1
1544,4,1
1544,5,0
1544,6,1
1545,1,4
1545,2,3
1545,3,2
1545,4,3
1545,5,2
1545,6,2
1546,1,2
1546,2,2
1546,3,2
1546,4,3
1546,5,2
1546,6,2
1547,1,3
1547,2,3
1547,3,2
1547,4,3
1547,5,2
1547,6,2
1548,1,3
1548,2,3
1548,3,3
1548,4,3
1548,5,3
1548,6,3
1549,1,2
1549,2,1
1549,3,1
1549,4,1
1549,5,0
1549,6,1
1550,1,4
1550,2,4
1550,3,3
1550,4,3
1550,5,3
1550,6,3
1551,1,2
1551,2,2
1551,3,3
1551,4,3
1551,5,2
1551,6,2
1552,1,2
1552,2,4
1552,3,3
1552,4,3
1552,5,3
1552,6,3
1553,1,1
1553,2,1
1553,3,1
1553,4,1
1553,5,1
1553,6,1
1554,1,1
1554,2,1
1554,3,2
1554,4,2
1554,5,2
1554,6,2
1555,1,1
1555,2,1
1555,3,1
1555,4,1
1555,5,1
1555,6,1
1556,1,2
1556,2,2
1556,3,2
1556,4,2
1556,5,2
1556,6,2
1557,1,1
1557,2,1
1557,3,2
1557,4,2
1557,5,1
1557,6,1
1558,1,1
1558,2,1
1558,3,1
1558,4,2
1558,5,1
1558,6,1
1559,1,4
1559,2,3
1559,3,2
1559,4,3
1559,5,3
1559,6,2
1560,1,4
1560,2,4
1560,3,2
1560,4,2
1560,5,2
1560,6,2
1561,1,3
1561,2,2
1561,3,2
1561,4,2
1561,5,2
1561,6,2
1562,1,2
1562,2,1
1562,3,1
1562,4,1
1562,5,1
1562,6,1
1563,1,4
1563,2,4
1563,3,3
1563,4,2
1563,5,2
1563,6,2
1564,1,3
1564,2,3
1564,3,3
1564,4,3
1564,5,2
1564,6,2
1565,1,2
1565,2,2
1565,3,2
1565,4,2
1565,5,2
1565,6,2
1566,1,1
1566,2,1
1566,3,2
1566,4,1
1566,5,1
1566,6,1
1567,1,1
1567,2,2
1567,3,2
1567,4,2
1567,5,2
1567,6,2
1568,1,4
1568,2,4
1568,3,3
1568,4,3
1568,5,3
1568,6,3
1569,1,1
1569,2,1
1569,3,2
1569,4,2
1569,5,2
1569,6,1
1570,1,2
1570,2,2
1570,3,2
1570,4,2
1570,5,2
1570,6,2
1571,1,3
1571,2,3
1571,3,2
1571,4,2
1571,5,3
1571,6,3
1572,1,3
1572,2,2
1572,3,2
1572,4,2
1572,5,2
1572,6,2
1573,1,3
1573,2,4
1573,3,2
1573,4,2
1573,5,2
1573,6,2
1574,1,1
1574,2,1
1574,3,3
1574,4,3
1574,5,2
1574,6,2
1575,1,4
1575,2,4
1575,3,3
1575,4,2
1575,5,2
1575,6,3
1576,1,2
1576,2,3
1576,3,2
1576,4,2
1576,5,1
1576,6,2
1577,1,3
1577,2,2
1577,3,2
1577,4,2
1577,5,3
1577,6,2
1578,1,2
1578,2,2
1578,3,3
1578,4,3
1578,5,3
1578,6,2
1579,1,3
1579,2,3
1579,3,2
1579,4,2
1579,5,2
1579,6,3
1580,1,1
1580,2,1
1580,3,2
1580,4,2
1580,5,1
1580,6,1
1581,1,3
1581,2,2
1581,3,2
1581,4,2
1581,5,2
1581,6,2
1582,1,3
1582,2,3
1582,3,3
1582,4,2
1582,5,2
1582,6,2
1583,1,3
1583,2,4
1583,3,3
1583,4,3
1583,5,2
1583,6,2
1584,1,3
1584,2,3
1584,3,3
1584,4,3
1584,5,2
1584,6,3
1585,1,3
1585,2,3
1585,3,3
1585,4,2
1585,5,3
1585,6,2
1586,1,2
1586,2,1
1586,3,2
1586,4,3
1586,5,2
1586,6,2
1587,1,1
1587,2,1
1587,3,1
1587,4,1
1587,5,0
1587,6,0
1588,1,0
1588,2,1
1588,3,1
1588,4,1
1588,5,0
1588,6,1
1589,1,3
1589,2,3
1589,3,3
1589,4,2
1589,5,3
1589,6,2
1590,1,4
1590,2,4
1590,3,3
1590,4,3
1590,5,3
1590,6,2
1591,1,1
1591,2,1
1591,3,2
1591,4,2
1591,5,2
1591,6,2
1592,1,3
1592,2,3
1592,3,3
1592,4,3
1592,5,4
1592,6,3
1593,1,3
1593,2,3
1593,3,3
1593,4,2
1593,5,2
1593,6,2
1594,1,0
1594,2,0
1594,3,1
1594,4,1
1594,5,1
1594,6,1
1595,1,3
1595,2,3
1595,3,2
1595,4,2
1595,5,2
1595,6,2
1596,1,1
1596,2,2
1596,3,2
1596,4,3
1596,5,2
1596,6,2
1597,1,1
1597,2,2
1597,3,1
1597,4,1
1597,5,1
1597,6,1
1598,1,2
1598,2,2
1598,3,2
1598,4,1
1598,5,2
1598,6,2
1599,1,2
1599,2,3
1599,3,3
1599,4,3
1599,5,3
1599,6,3
1600,1,2
1600,2,2
1600,3,2
1600,4,2
1600,5,2
1600,6,2
1601,1,2
1601,2,3
1601,3,2
1601,4,3
1601,5,2
1601,6,2
1602,1,1
1602,2,3
1602,3,3
1602,4,2
1602,5,2
1602,6,1
1603,1,3
1603,2,2
1603,3,2
1603,4,2
1603,5,3
1603,6,2
1604,1,3
1604,2,4
1604,3,3
1604,4,3
1604,5,3
1604,6,3
1605,1,2
1605,2,1
1605,3,3
1605,4,2
1605,5,3
1605,6,2
1606,1,2
1606,2,3
1606,3,2
1606,4,3
1606,5,2
1606,6,2
1607,1,2
1607,2,2
1607,3,3
1607,4,2
1607,5,2
1607,6,2
1608,1,3
1608,2,3
1608,3,2
1608,4,2
1608,5,2
1608,6,2
1609,1,2
1609,2,3
1609,3,2
1609,4,3
1609,5,3
1609,6,2
1610,1,1
1610,2,1
1610,3,2
1610,4,1
1610,5,1
1610,6,1
1611,1,4
1611,2,3
1611,3,3
1611,4,3
1611,5,3
1611,6,3
1612,1,3
1612,2,3
1612,3,2
1612,4,2
1612,5,2
1612,6,2
1613,1,1
1613,2,1
1613,3,2
1613,4,2
1613,5,1
1613,6,1
1614,1,2
1614,2,2
1614,3,3
1614,4,3
1614,5,2
1614,6,2
1615,1,2
1615,2,1
1615,3,2
1615,4,2
1615,5,2
1615,6,1
1616,1,3
1616,2,3
1616,3,3
1616,4,3
1616,5,3
1616,6,2
1617,1,1
1617,2,2
1617,3,2
1617,4,2
1617,5,2
1617,6,1
1618,1,2
1618,2,3
1618,3,2
1618,4,2
1618,5,3
1618,6,2
1619,1,2
1619,2,3
1619,3,2
1619,4,3
1619,5,2
1619,6,2
1620,1,0
1620,2,1
1620,3,1
1620,4,1
1620,5,0
1620,6,1
1621,1,4
1621,2,4
1621,3,3
1621,4,3
1621,5,3
1621,6,2
1622,1,1
1622,2,1
1622,3,1
1622,4,1
1622,5,1
1622,6,1
1623,1,3
1623,2,3
1623,3,3
1623,4,3
1623,5,3
1623,6,2
1624,1,2
1624,2,2
1624,3,2
1624,4,2
1624,5,3
1624,6,2
1625,1,2
1625,2,1
1625,3,2
1625,4,2
1625,5,1
1625,6,1
1626,1,1
1626,2,1
1626,3,1
1626,4,1
1626,5,1
1626,6,1
1627,1,3
1627,2,3
1627,3,2
1627,4,2
1627,5,3
1627,6,2
1628,1,3
1628,2,3
1628,3,3
1628,4,3
1628,5,2
1628,6,3
1629,1,4
1629,2,4
1629,3,2
1629,4,2
1629,5,2
1629,6,2
1630,1,4
1630,2,4
1630,3,3
1630,4,3
1630,5,3
1630,6,3
1631,1,2
1631,2,2
1631,3,3
1631,4,2
1631,5,3
1631,6,2
1632,1,4
1632,2,4
1632,3,3
1632,4,3
1632,5,3
1632,6,3
1633,1,3
1633,2,2
1633,3,2
1633,4,2
1633,5,2
1633,6,2
1634,1,0
1634,2,1
1634,3,1
1634,4,1
1634,5,1
1634,6,0
1635,1,3
1635,2,2
1635,3,2
1635,4,2
1635,5,2
1635,6,2
1636,1,3
1636,2,4
1636,3,2
1636,4,3
1636,5,2
1636,6,2
1637,1,4
1637,2,4
1637,3,3
1637,4,3
1637,5,2
1637,6,2
1638,1,3
1638,2,4
1638,3,3
1638,4,3
1638,5,2
1638,6,2
1639,1,4
1639,2,4
1639,3,3
1639,4,3
1639,5,4
1639,6,3
1640,1,2
1640,2,2
1640,3,3
1640,4,2
1640,5,2
1640,6,2
1641,1,2
1641,2,1
1641,3,2
1641,4,2
1641,5,2
1641,6,2
1642,1,0
1642,2,0
1642,3,1
1642,4,0
1642,5,0
1642,6,1
1643,1,2
1643,2,1
1643,3,2
1643,4,2
1643,5,1
1643,6,1
1644,1,4
1644,2,3
1644,3,2
1644,4,2
1644,5,3
1644,6,2
1645,1,3
1645,2,3
1645,3,3
1645,4,3
1645,5,3
1645,6,3
1646,1,3
1646,2,3
1646,3,3
1646,4,3
1646,5,3
1646,6,3
1647,1,1
1647,2,1
1647,3,1
1647,4,1
1647,5,0
1647,6,1
1648,1,0
1648,2,1
1648,3,1
1648,4,1
1648,5,0
1648,6,1
1649,1,2
1649,2,2
1649,3,2
1649,4,2
1649,5,2
1649,6,2
1650,1,1
1650,2,2
1650,3,2
1650,4,2
1650,5,2
1650,6,1
1651,1,2
1651,2,2
1651,3,2
1651,4,2
1651,5,2
1651,6,2
1652,1,0
1652,2,1
1652,3,1
1652,4,1
1652,5,1
1652,6,0
1653,1,4
1653,2,4
1653,3,2
1653,4,2
1653,5,2
1653,6,2
1654,1,2
1654,2,4
1654,3,2
1654,4,3
1654,5,3
1654,6,3
1655,1,3
1655,2,3
1655,3,3
1655,4,2
1655,5,3
1655,6,2
1656,1,3
1656,2,2
1656,3,2
1656,4,2
1656,5,2
1656,6,1
1657,1,2
1657,2,1
1657,3,1
1657,4,2
1657,5,1
1657,6,1
1658,1,3
1658,2,3
1658,3,2
1658,4,2
1658,5,3
1658,6,2
1659,1,3
1659,2,3
1659,3,3
1659,4,3
1659,5,2
1659,6,2
1660,1,2
1660,2,1
1660,3,2
1660,4,2
1660,5,2
1660,6,1
1661,1,3
1661,2,2
1661,3,2
1661,4,2
1661,5,2
1661,6,1
1662,1,3
1662,2,2
1662,3,2
1662,4,2
1662,5,2
1662,6,2
1663,1,2
1663,2,3
1663,3,2
1663,4,2
1663,5,2
1663,6,2
1664,1,4
1664,2,3
1664,3,3
1664,4,3
1664,5,3
1664,6,3
1665,1,1
1665,2,1
1665,3,1
1665,4,1
1665,5,2
1665,6,1
1666,1,2
1666,2,2
1666,3,2
1666,4,3
1666,5,2
1666,6,2
1667,1,4
1667,2,3
1667,3,2
1667,4,2
1667,5,3
1667,6,2
1668,1,2
1668,2,2
1668,3,1
1668,4,2
1668,5,2
1668,6,1
1669,1,2
1669,2,2
1669,3,2
1669,4,2
1669,5,2
1669,6,2
1670,1,0
1670,2,1
1670,3,1
1670,4,1
1670,5,1
1670,6,1
1671,1,2
1671,2,3
1671,3,3
1671,4,3
1671,5,2
1671,6,2
1672,1,3
1672,2,3
1672,3,2
1672,4,3
1672,5,2
1672,6,2
1673,1,2
1673,2,2
1673,3,2
1673,4,2
1673,5,2
1673,6,2
1674,1,2
1674,2,1
1674,3,2
1674,4,2
1674,5,1
1674,6,2
1675,1,1
1675,2,2
1675,3,1
1675,4,1
1675,5,1
1675,6,1
1676,1,3
1676,2,3
1676,3,3
1676,4,2
1676,5,2
1676,6,2
1677,1,3
1677,2,3
1677,3,2
1677,4,2
1677,5,2
1677,6,2
1678,1,3
1678,2,3
1678,3,3
1678,4,3
1678,5,2
1678,6,2
1679,1,2
1679,2,3
1679,3,3
1679,4,3
1679,5,4
1679,6,2
1680,1,1
1680,2,1
1680,3,1
1680,4,1
1680,5,1
1680,6,1
1681,1,2
1681,2,1
1681,3,2
1681,4,3
1681,5,2
1681,6,2
1682,1,0
1682,2,2
1682,3,2
1682,4,2
1682,5,2
1682,6,2
1683,1,2
1683,2,1
1683,3,2
1683,4,2
1683,5,2
1683,6,2
1684,1,1
1684,2,1
1684,3,1
1684,4,1
1684,5,1
1684,6,1
1685,1,3
1685,2,4
1685,3,3
1685,4,2
1685,5,2
1685,6,2
1686,1,2
1686,2,2
1686,3,2
1686,4,2
1686,5,2
1686,6,2
1687,1,2
1687,2,1
1687,3,1
1687,4,0
1687,5,1
1687,6,1
1688,1,3
1688,2,3
1688,3,2
1688,4,2
1688,5,3
1688,6,2
1689,1,4
1689,2,3
1689,3,2
1689,4,3
1689,5,3
1689,6,2
1690,1,3
1690,2,3
1690,3,3
1690,4,2
1690,5,2
1690,6,2
1691,1,2
1691,2,3
1691,3,2
1691,4,2
1691,5,2
1691,6,2
1692,1,3
1692,2,3
1692,3,3
1692,4,3
1692,5,2
1692,6,2
1693,1,3
1693,2,3
1693,3,2
1693,4,3
1693,5,2
1693,6,2
1694,1,2
1694,2,3
1694,3,2
1694,4,2
1694,5,2
1694,6,2
1695,1,3
1695,2,3
1695,3,3
1695,4,3
1695,5,3
1695,6,2
1696,1,2
1696,2,1
1696,3,2
1696,4,2
1696,5,2
1696,6,2
1697,1,3
1697,2,2
1697,3,2
1697,4,2
1697,5,2
1697,6,2
1698,1,3
1698,2,3
1698,3,3
1698,4,3
1698,5,2
1698,6,2
1699,1,3
1699,2,3
1699,3,2
1699,4,3
1699,5,2
1699,6,2
1700,1,2
1700,2,2
1700,3,1
1700,4,1
1700,5,1
1700,6,1
1701,1,1
1701,2,1
1701,3,1
1701,4,2
1701,5,1
1701,6,1
1702,1,3
1702,2,4
1702,3,3
1702,4,3
1702,5,3
1702,6,3
1703,1,3
1703,2,3
1703,3,3
1703,4,2
1703,5,3
1703,6,3
1704,1,4
1704,2,4
1704,3,3
1704,4,3
1704,5,3
1704,6,2
1705,1,2
1705,2,4
1705,3,2
1705,4,2
1705,5,3
1705,6,2
1706,1,3
1706,2,2
1706,3,2
1706,4,3
1706,5,2
1706,6,2
1707,1,3
1707,2,3
1707,3,2
1707,4,3
1707,5,3
1707,6,3
1708,1,2
1708,2,2
1708,3,2
1708,4,1
1708,5,1
1708,6,1
1709,1,2
1709,2,2
1709,3,2
1709,4,2
1709,5,1
1709,6,1
1710,1,1
1710,2,1
1710,3,2
1710,4,2
1710,5,1
1710,6,1
1711,1,2
1711,2,2
1711,3,2
1711,4,2
1711,5,2
1711,6,2
1712,1,2
1712,2,2
1712,3,2
1712,4,2
1712,5,2
1712,6,2
1713,1,3
1713,2,3
1713,3,2
1713,4,2
1713,5,3
1713,6,2
1714,1,4
1714,2,3
1714,3,3
1714,4,3
1714,5,3
1714,6,2
1715,1,3
1715,2,2
1715,3,2
1715,4,3
1715,5,2
1715,6,2
1716,1,2
1716,2,2
1716,3,2
1716,4,2
1716,5,2
1716,6,2
1717,1,2
1717,2,2
1717,3,3
1717,4,3
1717,5,3
1717,6,3
1718,1,2
1718,2,2
1718,3,3
1718,4,3
1718,5,2
1718,6,3
1719,1,2
1719,2,2
1719,3,2
1719,4,3
1719,5,2
1719,6,2
1720,1,2
1720,2,3
1720,3,3
1720,4,3
1720,5,2
1720,6,3
1721,1,4
1721,2,4
1721,3,3
1721,4,3
1721,5,4
1721,6,4
1722,1,1
1722,2,1
1722,3,2
1722,4,2
1722,5,1
1722,6,1
1723,1,2
1723,2,3
1723,3,3
1723,4,3
1723,5,2
1723,6,2
1724,1,1
1724,2,2
1724,3,2
1724,4,2
1724,5,2
1724,6,2
1725,1,1
1725,2,1
1725,3,1
1725,4,2
1725,5,1
1725,6,1
1726,1,3
1726,2,2
1726,3,3
1726,4,3
1726,5,3
1726,6,2
1727,1,3
1727,2,3
1727,3,2
1727,4,3
1727,5,2
1727,6,2
1728,1,2
1728,2,2
1728,3,2
1728,4,2
1728,5,1
1728,6,1
1729,1,3
1729,2,3
1729,3,2
1729,4,2
1729,5,2
1729,6,2
1730,1,2
1730,2,1
1730,3,2
1730,4,2
1730,5,2
1730,6,2
1731,1,3
1731,2,3
1731,3,3
1731,4,3
1731,5,4
1731,6,3
1732,1,3
1732,2,3
1732,3,2
1732,4,3
1732,5,3
1732,6,3
1733,1,3
1733,2,3
1733,3,2
1733,4,1
1733,5,2
1733,6,2
1734,1,2
1734,2,1
1734,3,2
1734,4,3
1734,5,2
1734,6,2
1735,1,1
1735,2,2
1735,3,1
1735,4,2
1735,5,2
1735,6,2
1736,1,2
1736,2,2
1736,3,2
1736,4,2
1736,5,1
1736,6,1
1737,1,3
1737,2,3
1737,3,2
1737,4,2
1737,5,2
1737,6,2
1738,1,1
1738,2,1
1738,3,1
1738,4,1
1738,5,0
1738,6,1
1739,1,3
1739,2,2
1739,3,2
1739,4,3
1739,5,2
1739,6,2
1740,1,2
1740,2,3
1740,3,2
1740,4,2
1740,5,1
1740,6,1
1741,1,1
1741,2,1
1741,3,1
1741,4,3
1741,5,2
1741,6,1
1742,1,2
1742,2,1
1742,3,2
1742,4,1
1742,5,2
1742,6,1
1743,1,3
1743,2,3
1743,3,3
1743,4,3
1743,5,3
1743,6,2
1744,1,2
1744,2,3
1744,3,3
1744,4,3
1744,5,2
1744,6,3
1745,1,3
1745,2,3
1745,3,3
1745,4,3
1745,5,3
1745,6,3
1746,1,2
1746,2,2
1746,3,3
1746,4,2
1746,5,2
1746,6,2
1747,1,2
1747,2,2
1747,3,2
1747,4,2
1747,5,3
1747,6,2
1748,1,2
1748,2,3
1748,3,2
1748,4,2
1748,5,2
1748,6,2
1749,1,1
1749,2,1
1749,3,2
1749,4,2
1749,5,2
1749,6,2
1750,1,1
1750,2,1
1750,3,1
1750,4,1
1750,5,1
1750,6,1
1751,1,1
1751,2,1
1751,3,1
1751,4,2
1751,5,1
1751,6,1
1752,1,3
1752,2,3
1752,3,3
1752,4,2
1752,5,2
1752,6,2
1753,1,2
1753,2,1
1753,3,2
1753,4,2
1753,5,2
1753,6,2
1754,1,4
1754,2,2
1754,3,3
1754,4,3
1754,5,3
1754,6,3
1755,1,3
1755,2,2
1755,3,2
1755,4,2
1755,5,2
1755,6,2
1756,1,3
1756,2,2
1756,3,2
1756,4,2
1756,5,2
1756,6,2
1757,1,3
1757,2,2
1757,3,2
1757,4,3
1757,5,3
1757,6,2
1758,1,4
1758,2,4
1758,3,3
1758,4,3
1758,5,3
1758,6,3
1759,1,3
1759,2,4
1759,3,2
1759,4,3
1759,5,2
1759,6,2
1760,1,3
1760,2,4
1760,3,3
1760,4,3
1760,5,4
1760,6,3
1761,1,4
1761,2,3
1761,3,3
1761,4,3
1761,5,4
1761,6,3
1762,1,2
1762,2,2
1762,3,3
1762,4,2
1762,5,2
1762,6,2
1763,1,1
1763,2,1
1763,3,2
1763,4,3
1763,5,3
1763,6,2
1764,1,2
1764,2,2
1764,3,3
1764,4,2
1764,5,2
1764,6,2
1765,1,2
1765,2,2
1765,3,2
1765,4,2
1765,5,2
1765,6,1
1766,1,2
1766,2,3
1766,3,3
1766,4,3
1766,5,2
1766,6,2
1767,1,1
1767,2,1
1767,3,2
1767,4,2
1767,5,2
1767,6,1
1768,1,3
1768,2,3
1768,3,3
1768,4,3
1768,5,3
1768,6,3
1769,1,3
1769,2,3
1769,3,3
1769,4,2
1769,5,2
1769,6,2
1770,1,1
1770,2,2
1770,3,2
1770,4,2
1770,5,2
1770,6,1
1771,1,4
1771,2,3
1771,3,3
1771,4,2
1771,5,3
1771,6,3
1772,1,3
1772,2,4
1772,3,3
1772,4,3
1772,5,3
1772,6,3
1773,1,1
1773,2,2
1773,3,1
1773,4,2
1773,5,1
1773,6,1
1774,1,2
1774,2,2
1774,3,2
1774,4,2
1774,5,2
1774,6,2
1775,1,3
1775,2,2
1775,3,3
1775,4,2
1775,5,2
1775,6,2
1776,1,2
1776,2,2
1776,3,3
1776,4,2
1776,5,2
1776,6,2
1777,1,1
1777,2,1
1777,3,1
1777,4,2
1777,5,1
1777,6,1
1778,1,2
1778,2,2
1778,3,3
1778,4,3
1778,5,2
1778,6,2
1779,1,3
1779,2,3
1779,3,2
1779,4,2
1779,5,2
1779,6,2
1780,1,3
1780,2,3
1780,3,2
1780,4,2
1780,5,2
1780,6,2
1781,1,4
1781,2,3
1781,3,2
1781,4,3
1781,5,2
1781,6,2
1782,1,2
1782,2,2
1782,3,2
1782,4,2
1782,5,2
1782,6,2
1783,1,2
1783,2,2
1783,3,2
1783,4,2
1783,5,2
1783,6,1
1784,1,1
1784,2,2
1784,3,2
1784,4,2
1784,5,2
1784,6,2
1785,1,2
1785,2,2
1785,3,2
1785,4,3
1785,5,1
1785,6,1
1786,1,2
1786,2,1
1786,3,2
1786,4,2
1786,5,2
1786,6,1
1787,1,2
1787,2,2
1787,3,2
1787,4,2
1787,5,2
1787,6,2
1788,1,1
1788,2,3
1788,3,2
1788,4,2
1788,5,2
1788,6,2
1789,1,1
1789,2,1
1789,3,2
1789,4,2
1789,5,2
1789,6,2
1790,1,2
1790,2,2
1790,3,2
1790,4,1
1790,5,2
1790,6,2
1791,1,3
1791,2,3
1791,3,3
1791,4,3
1791,5,3
1791,6,3
1792,1,2
1792,2,2
1792,3,2
1792,4,3
1792,5,2
1792,6,2
1793,1,3
1793,2,2
1793,3,2
1793,4,2
1793,5,2
1793,6,2
1794,1,4
1794,2,4
1794,3,2
1794,4,2
1794,5,3
1794,6,3
1795,1,2
1795,2,2
1795,3,2
1795,4,2
1795,5,2
1795,6,2
1796,1,2
1796,2,2
1796,3,3
1796,4,3
1796,5,2
1796,6,2
1797,1,2
1797,2,1
1797,3,2
1797,4,2
1797,5,2
1797,6,1
1798,1,2
1798,2,2
1798,3,2
1798,4,2
1798,5,2
1798,6,2
1799,1,3
1799,2,2
1799,3,2
1799,4,3
1799,5,2
1799,6,2
1800,1,2
1800,2,3
1800,3,2
1800,4,2
1800,5,1
1800,6,2
1801,1,2
1801,2,1
1801,3,2
1801,4,2
1801,5,2
1801,6,2
1802,1,0
1802,2,0
1802,3,0
1802,4,0
1802,5,0
1802,6,0
1803,1,3
1803,2,4
1803,3,3
1803,4,3
1803,5,2
1803,6,2
1804,1,3
1804,2,2
1804,3,2
1804,4,2
1804,5,2
1804,6,2
1805,1,2
1805,2,2
1805,3,2
1805,4,2
1805,5,2
1805,6,2
